Ageing Population/Social Care for the Elderly,AIDS,Animal Welfare,Bird Flu/Flu Pandemic,BSE/Beef,Coronavirus/Pandemic Diseases,Coal Review/Pit Closures,Common Market/EU/Europe/Single European Currency,Countryside/Rural Life,Crime/Law & Order/Violence/Vandalism,Don't know,Defence/Foreign Affairs/International Terrorism,Drug Abuse,Economy/Economic Situation,Education/Schools,Foot And Mouth Outbreak/Farming Crisis,GM/GM (Genetically Modified) Foods,German Reunification/Eastern Europe,Heathrow/third runway at Heathrow,Housing,Immigration,Inflation/Prices,Inner Cities,Local Government/Council Tax/Poll Tax,Lack of faith in govt/politics,Low Pay/Minimum Wage/Fair Wages,Morality/Individual Behaviour,NHS / Hospitals / Health Care,Northern Ireland,Nuclear Power/Fuels,Nationalisation/Government control of institutions,Nuclear Weapons/Nuclear War/Disarmament,Other,Pensions/Social Security,Petrol Prices/Fuel,Pollution/Environment,Pound/Exchange Rate/Value Of Pound,Poverty/Inequality,Privatisation,Public Services In General,Race Relations/Immigration/Immigrants,Scottish Assembly,Scottish/Welsh Assembly/Devolution Constitutional Reform,Trade Unions/Strikes,Taxation,Transport/Public Transport,Tsunami/South East Asia,Unemployment/Factory Closure/Lack Of Industry,date,month,year,Date
,,,,,,,19.0,,8.0,,,,,12.0,,,,,23.0,,82.0,,,,,,3.0,6.0,,,,,10.0,,,,,,,7.0,,,22.0,,,,9.0,Sep-74,9.0,1974,1974-09-01
,,,,,,,10.0,,9.0,,,,,5.0,,,,,27.0,,81.0,,,,,,2.0,6.0,,,,,8.0,,,,,,,5.0,,,18.0,,,,8.0,Oct-74,10.0,1974,1974-10-01
,,,,,,,,,,,,,,12.0,,,,,9.0,,64.0,,,,,,10.0,7.0,,,,,7.0,,,,,,,16.0,,,30.0,,,,50.0,Nov-77,11.0,1977,1977-11-01
,,,,,,,9.0,,23.0,,,,,15.0,,,,,12.0,,63.0,,,,,,11.0,7.0,,,,,,,,,,7.0,,27.0,,,25.0,,,,55.0,Aug-78,8.0,1978,1978-08-01
,,,,,,,9.0,,14.0,,,,,9.0,,,,,9.0,,66.0,,,,,,15.0,5.0,,,,,,,,,,,,10.0,,,73.0,,,,31.0,Feb-79,2.0,1979,1979-02-01
,,,,,,,12.0,,10.0,,,,,5.0,,,,,7.0,,59.0,,,,,,2.0,2.0,,2.0,,,7.0,,,,,,,5.0,,1.0,32.0,14.0,,,28.0,Mar-79,3.0,1979,1979-03-01
,,,,,,,14.0,,41.0,,,,,17.0,,,,,16.0,,68.0,,,,,,17.0,18.0,,,,,,,,,,,,16.0,,,56.0,,,,53.0,Apr-79,4.0,1979,1979-04-01
,,,,,,,15.0,,19.0,,,,,18.0,,,,,12.0,,65.0,,,,,,12.0,11.0,,,,,7.0,,,,,,,9.0,,,55.0,,,,41.0,Feb-80,2.0,1980,1980-02-01
,,,,,,,23.0,,32.0,,,,,24.0,,,,,15.0,,69.0,,,,,,23.0,12.0,,,,,,,,,,,,14.0,,,53.0,,,,51.0,Apr-80,4.0,1980,1980-04-01
,,,,,,,4.0,,13.0,,11.0,,,,,,,,,,32.0,,,,,,,3.0,,,,,,,,,,,,,,,11.0,,,,87.0,Sep-82,9.0,1982,1982-09-01
,,,,,,,4.0,,10.0,,13.0,,,,,,,,,,34.0,,,,,,,3.0,,,,,,,,,,,,,,,9.0,,,,85.0,Oct-82,10.0,1982,1982-10-01
,,,,,,,6.0,,10.0,,14.0,,,8.0,,,,,5.0,,29.0,,,,,,11.0,4.0,,,,,5.0,,,,,,,5.0,,,6.0,,,,87.0,Nov-82,11.0,1982,1982-11-01
,,,,,,,6.0,,8.0,,8.0,,,8.0,,,,,5.0,,24.0,,,,,,6.0,3.0,,,24.0,,8.0,,,,,,,3.0,,,7.0,,,,83.0,Mar-83,3.0,1983,1983-03-01
,,,,,,,6.0,,9.0,,10.0,,,11.0,,,,,6.0,,25.0,,,,,,10.0,3.0,,,29.0,,6.0,,,,,,,4.0,,,8.0,,,,83.0,Apr-83,4.0,1983,1983-04-01
,,,,,,,8.0,,9.0,,15.0,,,9.0,,,,,4.0,,21.0,,,,,,11.0,1.0,,,30.0,,8.0,,,,,,,3.0,,,5.0,,,,86.0,Jun-83,6.0,1983,1983-06-01
,,,,,,,6.0,,15.0,,13.0,,,10.0,,,,,4.0,,21.0,,,,,,11.0,2.0,,,26.0,,6.0,,,,,,,4.0,,,4.0,,,,79.0,Jul-83,7.0,1983,1983-07-01
,,,,,,,4.0,,15.0,,11.0,,,9.0,,,,,5.0,,23.0,,,,,,14.0,3.0,,,22.0,,6.0,,,,,,,4.0,,,4.0,,,,82.0,Aug-83,8.0,1983,1983-08-01
,,,,,,,4.0,,16.0,,14.0,,,8.0,,,,,3.0,,19.0,,,,,,17.0,4.0,,,30.0,,5.0,,,,,,,4.0,,,3.0,,,,80.0,Sep-83,9.0,1983,1983-09-01
,,,,,,,5.0,,10.0,,14.0,,,8.0,,,,,5.0,,22.0,,,,,,26.0,3.0,,,30.0,,7.0,,,,,,,4.0,,,4.0,,,,78.0,Oct-83,10.0,1983,1983-10-01
,,,,,,,9.0,,9.0,,13.0,,,8.0,,,,,5.0,,19.0,,,,,,14.0,6.0,,,41.0,,7.0,,,,,,,3.0,,,6.0,,,,79.0,Jan-84,1.0,1984,1984-01-01
,,,,,,,8.0,,9.0,,13.0,,,10.0,,,,,4.0,,18.0,,,,,,15.0,3.0,,,39.0,,7.0,,,,,,,3.0,,,4.0,,,,80.0,Feb-84,2.0,1984,1984-02-01
,,,,,,,11.0,,11.0,,11.0,,,9.0,,,,,5.0,,21.0,,,,,,14.0,3.0,,,29.0,,7.0,,,,,,,4.0,,,10.0,,,,81.0,Mar-84,3.0,1984,1984-03-01
,,,,,,,8.0,,12.0,,11.0,,,8.0,,,,,5.0,,16.0,,,,,,12.0,3.0,,,30.0,,5.0,,,,,,,6.0,,,15.0,,,,76.0,Apr-84,4.0,1984,1984-04-01
,,,,,,,15.0,,10.0,,8.0,,,9.0,,,,,4.0,,17.0,,,,,,10.0,2.0,,,29.0,,7.0,,,,,,,4.0,,,29.0,,,,73.0,Jun-84,6.0,1984,1984-06-01
,,,,,,,8.0,,12.0,,9.0,,,7.0,,,,,4.0,,19.0,,,,,,11.0,6.0,,,25.0,,5.0,,,,,,,5.0,,,35.0,,,,71.0,Aug-84,8.0,1984,1984-08-01
,,,,,,,5.0,,10.0,,7.0,,,7.0,,,,,3.0,,21.0,,,,,,10.0,2.0,,,22.0,,5.0,,,,,,,3.0,,,39.0,,,,70.0,Sep-84,9.0,1984,1984-09-01
,,,,,,,5.0,,12.0,,7.0,,,6.0,,,,,3.0,,18.0,,,,,,8.0,7.0,,,22.0,,7.0,,,,,,,2.0,,,41.0,,,,75.0,Oct-84,10.0,1984,1984-10-01
,,,,,,,4.0,,11.0,,6.0,,,8.0,,,,,3.0,,18.0,,,,,,9.0,4.0,,,20.0,,6.0,,,,,,,3.0,,,40.0,,,,73.0,Nov-84,11.0,1984,1984-11-01
,,,,,,,4.0,,12.0,,7.0,,,10.0,,,,,,,14.0,,,,,,9.0,3.0,,,22.0,,,,,,,,,,,,36.0,,,,79.0,Dec-84,12.0,1984,1984-12-01
,,,,,,,4.0,,10.0,,7.0,,,8.0,,,,,3.0,,15.0,,,,,,9.0,2.0,,,24.0,,7.0,,,,,,,2.0,,,26.0,,,,82.0,Jan-85,1.0,1985,1985-01-01
,,,,,,,3.0,,8.0,,9.0,,,10.0,,,,,7.0,,28.0,,,,,,13.0,2.0,,,20.0,,8.0,,,,,,,2.0,,,26.0,,,,79.0,Feb-85,2.0,1985,1985-02-01
,,,,,,,2.0,,13.0,,5.0,,,10.0,,,,,5.0,,22.0,,,,,,16.0,2.0,,,21.0,,10.0,,,,,,,2.0,,,7.0,,,,85.0,Mar-85,3.0,1985,1985-03-01
,,,,,,,3.0,,12.0,,6.0,,,11.0,,,,,5.0,,17.0,,,,,,18.0,1.0,,,19.0,,6.0,,,,,,,4.0,,,9.0,,,,85.0,Apr-85,4.0,1985,1985-04-01
,,,,,,,3.0,,15.0,,7.0,,,12.0,,,,,4.0,,17.0,,,,,,16.0,2.0,,,17.0,,6.0,,,,,,,4.0,,,5.0,,,,85.0,May-85,5.0,1985,1985-05-01
,,,,,,,4.0,,20.0,,7.0,,,11.0,,,,,5.0,,20.0,,,,,,16.0,1.0,,,15.0,,11.0,,,,,,,6.0,,,5.0,,,,78.0,Jun-85,6.0,1985,1985-06-01
,,,,,,,3.0,,17.0,,7.0,,,11.0,,,,,,,15.0,,,,,,15.0,2.0,,,15.0,,,,,,,,,,,,5.0,,,,80.0,Jul-85,7.0,1985,1985-07-01
,,,,,,,2.0,,16.0,,6.0,,,10.0,,,,,7.0,,15.0,,,,,,16.0,2.0,,,18.0,,6.0,,,,,,,5.0,,,4.0,,,,83.0,Aug-85,8.0,1985,1985-08-01
,,,,,,,2.0,,19.0,,7.0,,,10.0,,,,,6.0,,10.0,,,,,,13.0,1.0,,,18.0,,6.0,,,,,,,12.0,,,3.0,,,,83.0,Sep-85,9.0,1985,1985-09-01
,,,,,,,1.0,,29.0,,6.0,,,10.0,,,,,5.0,,12.0,,,,,,12.0,1.0,,,15.0,,6.0,,,,,,,17.0,,,3.0,,,,85.0,Oct-85,10.0,1985,1985-10-01
,,,,,,,2.0,,25.0,,4.0,,,9.0,,,,,6.0,,11.0,,,,,,13.0,2.0,,,15.0,,6.0,,,,,,,9.0,,,3.0,,,,82.0,Nov-85,11.0,1985,1985-11-01
,,,,,,,2.0,,21.0,,5.0,,,8.0,,,,,,,10.0,,,,,,10.0,2.0,,,21.0,,,,,,,,,,,,3.0,,,,82.0,Dec-85,12.0,1985,1985-12-01
,,,,,,,2.0,,17.0,,7.0,,,12.0,,,,,6.0,,9.0,,,,,,15.0,3.0,,,21.0,,6.0,,,,,,,,,,3.0,,,,84.0,Jan-86,1.0,1986,1986-01-01
,,,,,,,2.0,,13.0,,4.0,,,15.0,,,,,9.0,,11.0,,,,,,15.0,2.0,,,14.0,,5.0,,,,,,,,,,5.0,,,,82.0,Feb-86,2.0,1986,1986-02-01
,,,,,,,3.0,,17.0,,4.0,,,12.0,,,,,12.0,,11.0,,,,,,14.0,3.0,,,15.0,,6.0,,,,,,,,,,3.0,,,,86.0,Mar-86,3.0,1986,1986-03-01
,,,,,,,3.0,,17.0,,20.0,,,12.0,,,,,6.0,,8.0,,,,,,14.0,3.0,,,15.0,,4.0,,,,,,,,,,1.0,,,,79.0,Apr-86,4.0,1986,1986-04-01
,,,,,,,1.0,,13.0,,7.0,,,16.0,,,,,8.0,,8.0,,,,,,18.0,1.0,,,29.0,,5.0,,,,,,,,,,1.0,,,,84.0,May-86,5.0,1986,1986-05-01
,,,,,,,2.0,,15.0,,9.0,,,15.0,,,,,5.0,,9.0,,,,,,19.0,2.0,,,26.0,,5.0,,,,,,,,,,2.0,,,,83.0,Jun-86,6.0,1986,1986-06-01
,,,,,,,2.0,,14.0,,7.0,,,12.0,,,,,7.0,,6.0,,,,,,16.0,2.0,,,17.0,,4.0,,,,,,,,,,1.0,,,,78.0,Jul-86,7.0,1986,1986-07-01
,,,,,,,1.0,,17.0,,7.0,,,12.0,,,,,,,7.0,,,,,,15.0,2.0,,,17.0,,,,,,,,,,,,1.0,,,,80.0,Aug-86,8.0,1986,1986-08-01
,,,,,,,1.0,,17.0,,7.0,,,11.0,,,,,6.0,,7.0,,,,,,19.0,2.0,,,22.0,,4.0,,,,,,,,,,1.0,,,,78.0,Sep-86,9.0,1986,1986-09-01
,,,,,,,1.0,,14.0,,8.0,,,12.0,,,,,7.0,,9.0,,,,,,18.0,1.0,,,26.0,,5.0,,,,,,,,,,1.0,,,,77.0,Oct-86,10.0,1986,1986-10-01
,,,,,,,2.0,,16.0,,7.0,,,11.0,,,,,5.0,,6.0,,,,,,18.0,1.0,,,22.0,,6.0,,,,,,,,,,1.0,,,,73.0,Nov-86,11.0,1986,1986-11-01
,,,,,,,2.0,,13.0,,19.0,,,13.0,,,,,8.0,,8.0,,,,,,17.0,1.0,,,26.0,,9.0,,,,,,,,,,1.0,,,,78.0,Dec-86,12.0,1986,1986-12-01
,,,,,,,2.0,,17.0,,10.0,,7.0,11.0,,,,,6.0,,3.0,,,,,,17.0,,,,19.0,,10.0,,,,,,,,,,2.0,,,,75.0,Jan-87,1.0,1987,1987-01-01
,,,,,,,2.0,,18.0,,9.0,,7.0,12.0,,,,,7.0,,8.0,,,,,,19.0,1.0,,,16.0,,8.0,,,,,,,,,,1.0,,,,77.0,Feb-87,2.0,1987,1987-02-01
,,,,,,,1.0,,17.0,,9.0,,6.0,14.0,,,,,7.0,,5.0,,,,,,20.0,,,,20.0,,9.0,,,,,,,,,,1.0,,,,76.0,Mar-87,3.0,1987,1987-03-01
,,,,,,,1.0,,19.0,,9.0,,5.0,17.0,,,,,7.0,,3.0,,,,,,19.0,1.0,,,21.0,,8.0,,,,,,,,,,1.0,,,,75.0,Apr-87,4.0,1987,1987-04-01
,,,,,,,1.0,,17.0,,13.0,,8.0,24.0,,,,,7.0,,4.0,,,,,,28.0,1.0,,,16.0,,7.0,,,,,,,,,,1.0,,,,68.0,Jul-87,7.0,1987,1987-07-01
,6.0,,,,,,2.0,,27.0,,10.0,5.0,9.0,16.0,,,,,8.0,,6.0,,2.0,,,,19.0,1.0,6.0,,17.0,,6.0,,,,,2.0,,4.0,,,2.0,2.0,,,65.0,Aug-87,8.0,1987,1987-08-01
,,,,,,,2.0,,20.0,,9.0,,9.0,16.0,,,,,9.0,,4.0,,,,,,21.0,1.0,,,19.0,,6.0,,,,,,,,,,1.0,,,,63.0,Sep-87,9.0,1987,1987-09-01
,,,,,,,1.0,,19.0,,10.0,,13.0,15.0,,,,,8.0,,5.0,,,,,,22.0,1.0,,,18.0,,8.0,,,,,,,,,,1.0,,,,60.0,Oct-87,10.0,1987,1987-10-01
,,,,,,,1.0,,20.0,,8.0,,10.0,19.0,,,,,9.0,,5.0,,,,,,32.0,3.0,,,15.0,,7.0,,,,,,,,,,1.0,,,,58.0,Nov-87,11.0,1987,1987-11-01
,,,,,,,1.0,,16.0,,9.0,,6.0,18.0,,,,,9.0,,5.0,,,,,,52.0,2.0,,,20.0,,8.0,,,,,,,,,,1.0,,,,57.0,Dec-87,12.0,1987,1987-12-01
,5.0,,,,,,1.0,,15.0,,7.0,3.0,6.0,14.0,,,,,6.0,,2.0,1.0,1.0,,,,64.0,1.0,4.0,,13.0,,6.0,,,1.0,,1.0,,3.0,,,1.0,1.0,,,45.0,Jan-88,1.0,1988,1988-01-01
,,,,,,,4.0,,17.0,,5.0,,7.0,13.0,,,,,5.0,,3.0,,1.0,,,,59.0,2.0,,,12.0,,7.0,,,,,,,,,,3.0,,,,49.0,Feb-88,2.0,1988,1988-02-01
,6.0,,,,,,2.0,,27.0,,5.0,4.0,7.0,14.0,,,,,9.0,,5.0,2.0,2.0,,,,60.0,15.0,4.0,,12.0,,11.0,,,1.0,,2.0,,4.0,,,2.0,4.0,,,56.0,Mar-88,3.0,1988,1988-03-01
,5.0,,,,,,3.0,,20.0,,6.0,4.0,8.0,15.0,,,,,8.0,,6.0,2.0,13.0,,,,50.0,4.0,4.0,,13.0,,17.0,,,1.0,,2.0,,7.0,,,2.0,3.0,,,53.0,Apr-88,4.0,1988,1988-04-01
,4.0,,,,,,2.0,,23.0,,6.0,5.0,8.0,15.0,,,,,8.0,,5.0,1.0,9.0,,,,44.0,3.0,4.0,,13.0,,13.0,,,1.0,,2.0,,5.0,,,1.0,2.0,,,53.0,May-88,5.0,1988,1988-05-01
,3.0,,,,,,4.0,,34.0,,7.0,6.0,8.0,14.0,,,,,10.0,,7.0,2.0,8.0,,,,35.0,3.0,4.0,,17.0,,12.0,,,1.0,,2.0,,5.0,,,2.0,3.0,,,49.0,Jun-88,6.0,1988,1988-06-01
,3.0,,,,,,5.0,,28.0,,7.0,4.0,13.0,16.0,,,,,11.0,,9.0,1.0,7.0,,,,41.0,3.0,4.0,,15.0,,13.0,,,2.0,,4.0,,5.0,,,2.0,3.0,,,48.0,Jul-88,7.0,1988,1988-07-01
,,,,,,,4.0,,29.0,,7.0,,15.0,15.0,,,,,10.0,,11.0,,,,,,34.0,15.0,,,12.0,,13.0,,,,,,,,,,1.0,,,,48.0,Aug-88,8.0,1988,1988-08-01
,,,,,,,8.0,,24.0,,5.0,,16.0,14.0,,,,,9.0,,11.0,,,,,,36.0,7.0,,,13.0,,15.0,,,,,,,,,,2.0,,,,44.0,Sep-88,9.0,1988,1988-09-01
,4.0,,,,,,6.0,,25.0,,6.0,5.0,14.0,15.0,,,,,9.0,,9.0,,5.0,,,,38.0,3.0,6.0,,13.0,,16.0,,10.0,1.0,,3.0,,3.0,,,2.0,2.0,,,42.0,Oct-88,10.0,1988,1988-10-01
,2.0,,,,,,4.0,,21.0,,7.0,4.0,21.0,15.0,,,,,8.0,,14.0,,5.0,,,,39.0,3.0,5.0,,13.0,,20.0,,11.0,2.0,,8.0,,3.0,,,,2.0,,,36.0,Nov-88,11.0,1988,1988-11-01
,3.0,,,,,,4.0,,19.0,,7.0,3.0,21.0,13.0,,,,,14.0,,15.0,,6.0,,,,31.0,2.0,3.0,,11.0,,15.0,,5.0,1.0,,3.0,,2.0,,,0.0,1.0,,,41.0,Dec-88,12.0,1988,1988-12-01
,,,,,,,5.0,,26.0,,5.0,,18.0,11.0,,,,,10.0,,17.0,,,,,,34.0,3.0,,,11.0,,13.0,,9.0,,,,,,,,,,,,38.0,Jan-89,1.0,1989,1989-01-01
,,,,,,,4.0,,20.0,,6.0,,14.0,14.0,,,,,10.0,,19.0,,,,,,38.0,3.0,,,11.0,,13.0,,14.0,,,,,,,,,,,,35.0,Feb-89,2.0,1989,1989-02-01
,,,,,,,3.0,,20.0,,6.0,,15.0,14.0,,,,,10.0,,21.0,,,,,,40.0,3.0,,,9.0,,9.0,,22.0,,,,,,,,,,,,33.0,Mar-89,3.0,1989,1989-03-01
,,,,,,,4.0,,24.0,,5.0,,16.0,14.0,,,,,8.0,,21.0,,10.0,,,,35.0,2.0,,,11.0,,14.0,,14.0,,,,,,,,,,,,32.0,Apr-89,4.0,1989,1989-04-01
,,,,,,,11.0,,19.0,,6.0,,16.0,12.0,,,,,7.0,,17.0,,10.0,,,,34.0,1.0,,,16.0,,13.0,,17.0,,,,,,,,,,,,31.0,May-89,5.0,1989,1989-05-01
,,,,,,,16.0,,13.0,,5.0,,19.0,12.0,,,,,,,23.0,,10.0,,,,29.0,1.0,,,12.0,,,,23.0,,,,,,,,,,,,30.0,Jun-89,6.0,1989,1989-06-01
,,,,,,,11.0,,15.0,,3.0,,16.0,15.0,,,,,8.0,,17.0,,13.0,,,,29.0,1.0,,,8.0,,11.0,,35.0,,,,,,,,,,,,24.0,Jul-89,7.0,1989,1989-07-01
,,,,,,,7.0,,18.0,,4.0,,17.0,13.0,,,,,8.0,,15.0,,11.0,,,,34.0,4.0,,,9.0,,11.0,,30.0,,,,,,,,,,,,27.0,Aug-89,8.0,1989,1989-08-01
,,,,,,,5.0,,18.0,,5.0,,17.0,13.0,,,,,7.0,,16.0,,11.0,,,,31.0,5.0,,,9.0,,12.0,,28.0,,,,,,,,,,,,25.0,Sep-89,9.0,1989,1989-09-01
,,,,,,,3.0,,16.0,,5.0,,31.0,14.0,,,,,10.0,,25.0,,13.0,,,,35.0,2.0,,,7.0,,12.0,,21.0,,,,,,,,,,,,23.0,Oct-89,10.0,1989,1989-10-01
,,,,,,,10.0,,13.0,,7.0,,28.0,12.0,,,,,14.0,,24.0,,12.0,,,,36.0,2.0,,,6.0,,12.0,,18.0,,,,,,,,,,,,24.0,Nov-89,11.0,1989,1989-11-01
,,,,,,,9.0,,10.0,,7.0,,24.0,14.0,,,,,14.0,,17.0,,17.0,,,,34.0,2.0,,,5.0,,12.0,,17.0,,,,,,,,,,,,24.0,Dec-89,12.0,1989,1989-12-01
,3.0,,,,,,9.0,,14.0,,3.0,3.0,24.0,13.0,,,,,10.0,,24.0,,22.0,,,,31.0,2.0,1.0,,5.0,,12.0,,19.0,1.0,,3.0,,8.0,,,4.0,2.0,,,26.0,Jan-90,1.0,1990,1990-01-01
,,,,,,,6.0,,12.0,,4.0,,26.0,14.0,,,,,11.0,,29.0,,32.0,,,,27.0,1.0,,,5.0,,10.0,,18.0,,,,,,,,,,,,20.0,Feb-90,2.0,1990,1990-02-01
,,,,,,,6.0,,9.0,,3.0,,24.0,12.0,,,,,8.0,,26.0,,49.0,,,,25.0,2.0,,,3.0,,9.0,,21.0,,,,,,,,,,,,18.0,Mar-90,3.0,1990,1990-03-01
,,,,,,,7.0,,12.0,,4.0,,24.0,15.0,,,,,9.0,,23.0,,46.0,,,,25.0,1.0,,,5.0,,11.0,,19.0,,,,,,,,,,,,20.0,Apr-90,4.0,1990,1990-04-01
,,,,,,,8.0,,14.0,,3.0,,25.0,15.0,,,,,8.0,,29.0,,39.0,,,,23.0,2.0,,,4.0,,10.0,,22.0,,,,,,,,,,,,26.0,May-90,5.0,1990,1990-05-01
,,,,,,,10.0,,12.0,,5.0,,23.0,17.0,,,,,10.0,,19.0,,30.0,,,,22.0,2.0,,,4.0,,7.0,,20.0,,,,,,,,,,,,19.0,Jun-90,6.0,1990,1990-06-01
,,,,,,,15.0,,12.0,,4.0,,21.0,18.0,,,,,8.0,,19.0,,30.0,,,,30.0,1.0,,,4.0,,11.0,,30.0,,,,,,,,,,,,20.0,Jul-90,7.0,1990,1990-07-01
,1.0,,,,,,3.0,,10.0,,31.0,2.0,25.0,17.0,,,1.0,,10.0,,32.0,,24.0,,,,28.0,1.0,1.0,,3.0,,10.0,,18.0,1.0,,2.0,,3.0,,,1.0,2.0,,,26.0,Aug-90,8.0,1990,1990-08-01
,1.0,,,,,,3.0,,9.0,,35.0,2.0,26.0,20.0,,,1.0,,9.0,,30.0,,22.0,,,,29.0,1.0,1.0,,2.0,,11.0,,14.0,1.0,,2.0,,3.0,,,,2.0,,,24.0,Sep-90,9.0,1990,1990-09-01
,1.0,,,,,,5.0,,12.0,,25.0,1.0,25.0,32.0,,,1.0,,6.0,,23.0,,23.0,,,,31.0,1.0,1.0,,2.0,,10.0,,12.0,2.0,,1.0,,2.0,,,,2.0,,,26.0,Oct-90,10.0,1990,1990-10-01
,1.0,,,,,,18.0,,8.0,,33.0,1.0,23.0,21.0,,,2.0,,10.0,,19.0,,36.0,,,,28.0,1.0,1.0,,2.0,,10.0,,9.0,1.0,,1.0,,1.0,0.0,,,2.0,,,22.0,Nov-90,11.0,1990,1990-11-01
,2.0,,,,,,14.0,,9.0,,29.0,2.0,23.0,14.0,,,1.0,,10.0,,17.0,,29.0,,,,24.0,1.0,,,2.0,,10.0,,6.0,1.0,,2.0,,2.0,,,,2.0,,,22.0,Dec-90,12.0,1990,1990-12-01
,1.0,,,,,,4.0,,5.0,,65.0,1.0,28.0,17.0,,,,,10.0,,19.0,,28.0,,,,27.0,1.0,,,3.0,,10.0,,5.0,1.0,,1.0,,2.0,,,,1.0,,,34.0,Jan-91,1.0,1991,1991-01-01
,1.0,,,,,,3.0,,7.0,,51.0,1.0,33.0,17.0,,,,,8.0,,19.0,,35.0,,,,23.0,2.0,,,,,8.0,,5.0,1.0,,1.0,,1.0,,,,2.0,,,37.0,Feb-91,2.0,1991,1991-02-01
,1.0,,,,,,5.0,,7.0,,6.0,1.0,32.0,18.0,,,,,8.0,,22.0,,38.0,,,,24.0,,,,,,9.0,,9.0,1.0,,1.0,,1.0,,,,3.0,,,38.0,Mar-91,3.0,1991,1991-03-01
,,,,,,,4.0,,15.0,,10.0,,27.0,20.0,,,,,10.0,,21.0,,27.0,,,,29.0,1.0,,,1.0,,10.0,,10.0,,,,,,,,,,,,48.0,Apr-91,4.0,1991,1991-04-01
,,,,,,,5.0,,14.0,,4.0,,28.0,25.0,,,,,7.0,,16.0,,13.0,,,,51.0,,,,1.0,,7.0,,9.0,,,,,,,,,,,,45.0,May-91,5.0,1991,1991-05-01
,,,,,,,18.0,,9.0,,4.0,,28.0,20.0,,,,,11.0,,18.0,,13.0,,,,40.0,,,,1.0,,7.0,,8.0,,,,,,,,,,,,52.0,Jun-91,6.0,1991,1991-06-01
,,,,,,,8.0,,13.0,,6.0,,34.0,17.0,,,,,9.0,,14.0,,11.0,,,,33.0,,,,2.0,,7.0,,18.0,,,,,,,,,,,,53.0,Jul-91,7.0,1991,1991-07-01
,,,,,,,6.0,,13.0,,9.0,,34.0,19.0,,,,,13.0,,17.0,,11.0,,,,34.0,,,,2.0,,8.0,,8.0,,,,,,,,,,,,54.0,Aug-91,8.0,1991,1991-08-01
,,,,,,,8.0,,23.0,,6.0,,26.0,26.0,,,,,9.0,,12.0,,9.0,,,,45.0,,,,1.0,,9.0,,7.0,,,,,,,,,,,,54.0,Sep-91,9.0,1991,1991-09-01
,,,,,,,9.0,,15.0,,8.0,,24.0,21.0,,,,,9.0,,11.0,,8.0,,,,51.0,1.0,,,2.0,,10.0,,10.0,,,,,,,,,,,,54.0,Oct-91,10.0,1991,1991-10-01
,,,,,,,32.0,,12.0,,4.0,,28.0,24.0,,,,,9.0,,9.0,,10.0,,,,42.0,1.0,,,2.0,,10.0,,7.0,,,,,,,,,,,,48.0,Nov-91,11.0,1991,1991-11-01
,,,,,,,24.0,,15.0,,6.0,,31.0,17.0,,,,,17.0,,10.0,,9.0,,,,34.0,1.0,,,2.0,,8.0,,4.0,,,,,,,,,,,,41.0,Dec-91,12.0,1991,1991-12-01
,,,,,,,12.0,,11.0,,6.0,,37.0,24.0,,,,,12.0,,11.0,,8.0,,,,43.0,2.0,,,3.0,,9.0,,5.0,,,,,,,,,,,,54.0,Jan-92,1.0,1992,1992-01-01
,,,,,,,9.0,,13.0,,4.0,,40.0,27.0,,,,,11.0,,10.0,,9.0,,,,49.0,2.0,,,1.0,,10.0,,7.0,,,,,,,,,,,,56.0,Feb-92,2.0,1992,1992-02-01
,,,,,,,10.0,,11.0,,3.0,,32.0,27.0,,,,,9.0,,8.0,,7.0,,,,41.0,1.0,,,1.0,,8.0,,10.0,,,,,,,,,,,,53.0,Apr-92,4.0,1992,1992-04-01
,2.0,,,,,,14.0,,15.0,,4.0,2.0,27.0,23.0,,,1.0,,11.0,,9.0,,7.0,,,,32.0,1.0,,,1.0,,8.0,,13.0,,,2.0,,5.0,,,,1.0,,,57.0,May-92,5.0,1992,1992-05-01
,1.0,,,,,,17.0,,16.0,,3.0,2.0,26.0,21.0,,,1.0,,11.0,,9.0,,5.0,,,,30.0,1.0,,,2.0,,9.0,,15.0,1.0,,1.0,,4.0,,,,1.0,,,57.0,Jun-92,6.0,1992,1992-06-01
,,,,,,,10.0,,17.0,,3.0,,35.0,20.0,,,,,12.0,,7.0,,5.0,,,,28.0,,,,1.0,,7.0,,14.0,,,,,,,,,,,,61.0,Jul-92,7.0,1992,1992-07-01
,2.0,,,,,,10.0,,14.0,,7.0,2.0,44.0,18.0,,,2.0,,15.0,,13.0,,7.0,,,,26.0,1.0,,,2.0,,7.0,,8.0,4.0,,2.0,,6.0,,,1.0,1.0,,,64.0,Aug-92,8.0,1992,1992-08-01
,1.0,,,,,,22.0,,11.0,,3.0,1.0,53.0,17.0,,,1.0,,13.0,,9.0,,3.0,,,,21.0,,,,1.0,,6.0,,7.0,4.0,,1.0,,3.0,,,,1.0,,,61.0,Sep-92,9.0,1992,1992-09-01
,1.0,,,,,,19.0,,9.0,,2.0,1.0,50.0,14.0,,,1.0,,10.0,,9.0,,3.0,,,,27.0,,,,,,7.0,,4.0,2.0,,2.0,,2.0,0.0,,8.0,,,,74.0,Oct-92,10.0,1992,1992-10-01
,2.0,,,,,,19.0,,12.0,,2.0,,47.0,16.0,,,1.0,,15.0,,8.0,,5.0,,,,27.0,1.0,,,,,7.0,,5.0,3.0,,2.0,,4.0,,,1.0,1.0,,,71.0,Nov-92,11.0,1992,1992-11-01
,2.0,,,,,,24.0,,12.0,,3.0,2.0,41.0,15.0,,,1.0,,17.0,,7.0,,2.0,,,,24.0,,,,,,7.0,,3.0,1.0,,2.0,,3.0,0.0,,,1.0,,,72.0,Dec-92,12.0,1992,1992-12-01
,2.0,,,,,3.0,8.0,,17.0,,9.0,2.0,37.0,16.0,,,1.0,,10.0,,5.0,,3.0,,,,28.0,,,,1.0,,7.0,,4.0,1.0,,3.0,,2.0,,,,1.0,,,79.0,Jan-93,1.0,1993,1993-01-01
,1.0,,,,,1.0,10.0,,33.0,,3.0,2.0,31.0,20.0,,,1.0,,9.0,,4.0,,2.0,,,,30.0,,,,,,7.0,,5.0,1.0,,2.0,,2.0,,,1.0,1.0,,,81.0,Feb-93,2.0,1993,1993-02-01
,1.0,,,,,2.0,10.0,,34.0,,3.0,2.0,33.0,18.0,,,1.0,,10.0,,8.0,,3.0,,,,24.0,3.0,,,1.0,,9.0,,4.0,1.0,,1.0,,2.0,,,,2.0,,,78.0,Mar-93,3.0,1993,1993-03-01
,1.0,,,,,1.0,9.0,,26.0,,8.0,2.0,36.0,19.0,,,1.0,,10.0,,6.0,,2.0,,,,24.0,2.0,,,1.0,,10.0,,5.0,,,2.0,,3.0,,,1.0,1.0,,,73.0,Apr-93,4.0,1993,1993-04-01
,1.0,,,,,1.0,13.0,,24.0,,5.0,2.0,30.0,19.0,,,,,8.0,,6.0,,2.0,,,,41.0,1.0,,,,,12.0,,3.0,1.0,,4.0,,3.0,,,,2.0,,,68.0,May-93,5.0,1993,1993-05-01
,1.0,,,,,1.0,9.0,,20.0,,6.0,2.0,36.0,21.0,,,,,9.0,,6.0,,2.0,,,,37.0,1.0,,,,,10.0,,4.0,1.0,,2.0,,4.0,,,,2.0,,,69.0,Jun-93,6.0,1993,1993-06-01
,2.0,,,,,0.0,19.0,,24.0,,4.0,3.0,31.0,18.0,,,1.0,,8.0,,5.0,,1.0,,,,32.0,1.0,,,1.0,,11.0,,7.0,,,2.0,,,,,,3.0,,,66.0,Jul-93,7.0,1993,1993-07-01
,1.0,,,,,1.0,10.0,,25.0,,6.0,2.0,32.0,21.0,,,1.0,,8.0,,5.0,,1.0,,,,36.0,1.0,,,,,9.0,,5.0,,,3.0,,,,,,3.0,,,63.0,Aug-93,8.0,1993,1993-08-01
,1.0,,,,,,7.0,,29.0,,4.0,2.0,32.0,19.0,,,1.0,,9.0,,6.0,,2.0,,,,32.0,1.0,,,1.0,,11.0,,3.0,1.0,,2.0,,8.0,,,,4.0,,,61.0,Sep-93,9.0,1993,1993-09-01
,0.0,,,,,2.0,6.0,,33.0,,6.0,2.0,30.0,17.0,,,,,9.0,,7.0,,3.0,,,,32.0,1.0,,,1.0,,13.0,,3.0,,,1.0,,,,,,7.0,,,61.0,Oct-93,10.0,1993,1993-10-01
,1.0,,,,,1.0,6.0,,28.0,,4.0,3.0,30.0,23.0,,,1.0,,9.0,,5.0,,2.0,,,,35.0,3.0,,,1.0,,13.0,,4.0,,,2.0,,4.0,,,,4.0,,,61.0,Nov-93,11.0,1993,1993-11-01
,1.0,,,,,1.0,6.0,,23.0,,4.0,2.0,28.0,19.0,,,,,10.0,,5.0,,2.0,,,,34.0,2.0,,,1.0,,15.0,,4.0,1.0,,2.0,,3.0,,,1.0,4.0,,,66.0,Dec-93,12.0,1993,1993-12-01
,1.0,,,,,,5.0,,31.0,,6.0,4.0,30.0,22.0,,,,,14.0,,5.0,,2.0,,,6.0,32.0,2.0,,,,,9.0,,5.0,,,2.0,,4.0,,,,6.0,,,61.0,Jan-94,1.0,1994,1994-01-01
,1.0,,,,,,4.0,,26.0,,9.0,5.0,23.0,22.0,,,,,10.0,,6.0,,1.0,,,5.0,40.0,1.0,,,1.0,,9.0,,3.0,,,2.0,,4.0,,,,7.0,,,61.0,Feb-94,2.0,1994,1994-02-01
,1.0,,,,,1.0,12.0,,34.0,,5.0,4.0,21.0,25.0,,,,,11.0,,5.0,,2.0,,,5.0,35.0,2.0,,,1.0,,9.0,,4.0,,,3.0,,4.0,,,,11.0,,,59.0,Mar-94,3.0,1994,1994-03-01
,1.0,,,,,1.0,7.0,,33.0,,7.0,4.0,24.0,24.0,,,,,11.0,,5.0,,2.0,,,4.0,38.0,1.0,,,,,9.0,,6.0,,,2.0,,4.0,,,,9.0,,,60.0,Apr-94,4.0,1994,1994-04-01
,1.0,,,,,,12.0,,32.0,,3.0,3.0,24.0,21.0,,,,,9.0,,6.0,,2.0,,,4.0,35.0,1.0,,,1.0,,10.0,,4.0,,,5.0,,4.0,,,,8.0,,,60.0,May-94,5.0,1994,1994-05-01
,1.0,,,,,,13.0,,30.0,,2.0,4.0,22.0,21.0,,,,,11.0,,5.0,,1.0,,,4.0,29.0,1.0,,,,,9.0,,4.0,,,3.0,,2.0,0.0,,1.0,11.0,,,66.0,Jun-94,6.0,1994,1994-06-01
,,,,,,,12.0,,23.0,,7.0,4.0,18.0,20.0,,,,,10.0,,5.0,,1.0,,,4.0,35.0,2.0,,,,,7.0,,7.0,,,4.0,,2.0,,,,5.0,,,65.0,Jul-94,7.0,1994,1994-07-01
,1.0,,,,,,9.0,,33.0,,5.0,4.0,19.0,23.0,,,,,11.0,,5.0,,1.0,,,4.0,36.0,2.0,1.0,,1.0,,7.0,,6.0,,,3.0,,3.0,,,2.0,5.0,,,62.0,Aug-94,8.0,1994,1994-08-01
,1.0,,,,,,7.0,,33.0,,3.0,3.0,20.0,21.0,,,,,8.0,,5.0,,1.0,,,6.0,34.0,2.0,,,,,9.0,,4.0,1.0,,2.0,,5.0,,,1.0,5.0,,,59.0,Sep-94,9.0,1994,1994-09-01
,1.0,,,,,,11.0,,37.0,,3.0,7.0,19.0,22.0,,,,,10.0,,4.0,,1.0,,,4.0,34.0,3.0,,,,,9.0,,5.0,,,2.0,,4.0,,,,4.0,,,62.0,Oct-94,10.0,1994,1994-10-01
,,,,,,,14.0,,25.0,,2.0,4.0,17.0,20.0,,,,,10.0,,4.0,,1.0,,,4.0,40.0,2.0,,,,,11.0,,4.0,,,3.0,,2.0,,,,4.0,,,58.0,Nov-94,11.0,1994,1994-11-01
,,,,,,,17.0,,22.0,,2.0,3.0,22.0,18.0,,,,,11.0,,6.0,,1.0,,,3.0,34.0,1.0,,,,,12.0,,4.0,,,5.0,,2.0,,,,9.0,,,55.0,Dec-94,12.0,1994,1994-12-01
,1.0,,,,,1.0,22.0,,23.0,,3.0,3.0,22.0,22.0,,,,,11.0,,6.0,,1.0,,,3.0,38.0,1.0,,,,,10.0,,5.0,,,4.0,,2.0,,,,5.0,,,52.0,Jan-95,1.0,1995,1995-01-01
,1.0,,,,,,25.0,,26.0,,2.0,4.0,20.0,26.0,,,,,10.0,,4.0,,2.0,,,5.0,36.0,2.0,,,,,9.0,,4.0,,,3.0,,5.0,,,,4.0,,,52.0,Feb-95,2.0,1995,1995-02-01
,1.0,,,,,,16.0,,24.0,,2.0,4.0,20.0,25.0,,,,,10.0,,5.0,,1.0,,,3.0,43.0,2.0,,,1.0,,8.0,,4.0,,,2.0,,4.0,,,,4.0,,,51.0,Mar-95,3.0,1995,1995-03-01
,1.0,,,,,,12.0,,25.0,,2.0,3.0,21.0,33.0,,,,,10.0,,6.0,,1.0,,,3.0,41.0,1.0,,,,,9.0,,3.0,1.0,,2.0,,4.0,,,,5.0,,,51.0,Apr-95,4.0,1995,1995-04-01
,1.0,,,,,,15.0,,25.0,,2.0,4.0,19.0,29.0,,,,,8.0,,5.0,,1.0,,,4.0,44.0,1.0,,,,,9.0,,4.0,,,3.0,,4.0,,,,5.0,,,53.0,May-95,5.0,1995,1995-05-01
,1.0,,,,,,26.0,,22.0,,4.0,3.0,17.0,29.0,,,,,11.0,,5.0,,1.0,,,3.0,38.0,1.0,1.0,,1.0,,9.0,,5.0,1.0,,2.0,,4.0,,,,4.0,,,47.0,Jun-95,6.0,1995,1995-06-01
,1.0,,,,,,12.0,,23.0,,6.0,3.0,20.0,28.0,,,,,12.0,,5.0,,2.0,,,3.0,39.0,1.0,,,1.0,,9.0,,5.0,1.0,,2.0,,3.0,,,1.0,6.0,,,51.0,Jul-95,7.0,1995,1995-07-01
,1.0,,,,,,12.0,,24.0,,3.0,4.0,20.0,29.0,,,,,10.0,,5.0,,2.0,,,5.0,39.0,1.0,,,1.0,,8.0,,6.0,,,5.0,,4.0,,,,4.0,,,52.0,Aug-95,8.0,1995,1995-08-01
,1.0,,,,,,13.0,,24.0,,3.0,4.0,20.0,30.0,,,,,11.0,,3.0,,1.0,,,4.0,44.0,,,,1.0,,9.0,,5.0,,,3.0,,3.0,,,,5.0,,,48.0,Sep-95,9.0,1995,1995-09-01
,,,,,,,17.0,,22.0,,2.0,5.0,18.0,29.0,,,,,12.0,,4.0,,,,,2.0,45.0,,,,,,10.0,,4.0,,,4.0,,4.0,,,,5.0,,,51.0,Oct-95,10.0,1995,1995-10-01
,1.0,,,,,,11.0,,25.0,,3.0,10.0,19.0,31.0,,,,,10.0,,4.0,,1.0,,,5.0,39.0,1.0,1.0,,1.0,,11.0,,5.0,,,3.0,,5.0,,,,5.0,,,52.0,Nov-95,11.0,1995,1995-11-01
,,,,,,,10.0,,23.0,,2.0,6.0,19.0,32.0,,,,,9.0,,4.0,,,,,4.0,40.0,2.0,,,,,10.0,,4.0,,,3.0,,4.0,,,,5.0,,,51.0,Dec-95,12.0,1995,1995-12-01
,1.0,,,,,1.0,14.0,,27.0,,3.0,7.0,20.0,29.0,,,,,10.0,,3.0,,1.0,,,3.0,41.0,1.0,,,,,8.0,,4.0,1.0,,3.0,,4.0,,,,3.0,,,49.0,Jan-96,1.0,1996,1996-01-01
,1.0,1.0,,,,,11.0,,24.0,,2.0,6.0,18.0,30.0,,,,,10.0,,3.0,,1.0,,,4.0,39.0,12.0,,,,,10.0,,7.0,1.0,,4.0,,3.0,,,,4.0,,,48.0,Feb-96,2.0,1996,1996-02-01
,1.0,1.0,,,,0.0,16.0,,24.0,,3.0,5.0,16.0,31.0,,,,,9.0,,3.0,,1.0,,,3.0,36.0,5.0,,,,,8.0,,5.0,1.0,,3.0,,3.0,,,,3.0,,,44.0,Mar-96,3.0,1996,1996-03-01
,1.0,1.0,,,,,20.0,,24.0,,2.0,5.0,17.0,33.0,,,,,9.0,,3.0,,1.0,,,4.0,34.0,2.0,,,1.0,,8.0,,4.0,,,3.0,,4.0,,,1.0,4.0,,,46.0,Apr-96,4.0,1996,1996-04-01
,1.0,1.0,,18.0,,,29.0,,29.0,,2.0,5.0,16.0,30.0,,,,,9.0,,2.0,,1.0,,,4.0,39.0,1.0,,,,,9.0,,4.0,,,2.0,,3.0,,,,3.0,,,42.0,May-96,5.0,1996,1996-05-01
,1.0,,,15.0,,,28.0,,22.0,,1.0,4.0,13.0,28.0,,,,,8.0,,3.0,,1.0,,,4.0,33.0,4.0,,,1.0,,8.0,,3.0,,,2.0,,3.0,,,,2.0,,,44.0,Jun-96,6.0,1996,1996-06-01
,1.0,,,5.0,,,25.0,,29.0,,2.0,6.0,14.0,31.0,,,,,8.0,,3.0,,1.0,,,4.0,35.0,4.0,,,,,9.0,,5.0,1.0,,3.0,,3.0,,,,3.0,,,43.0,Jul-96,7.0,1996,1996-07-01
,,,,3.0,,,20.0,,30.0,,2.0,5.0,15.0,27.0,,,,,8.0,,2.0,,2.0,,,5.0,33.0,2.0,,,,,10.0,,7.0,,,3.0,,4.0,,,,3.0,,,44.0,Aug-96,8.0,1996,1996-08-01
,1.0,1.0,,8.0,,,23.0,,27.0,,3.0,6.0,14.0,32.0,,,,,9.0,,3.0,,1.0,,,4.0,35.0,2.0,,,1.0,,11.0,,5.0,,,2.0,,3.0,,,,4.0,,,43.0,Sep-96,9.0,1996,1996-09-01
,,,,3.0,,,20.0,,41.0,,2.0,6.0,13.0,39.0,,,,,7.0,,2.0,,1.0,,,7.0,36.0,1.0,,,,,11.0,,4.0,,,2.0,,3.0,,,,4.0,,,37.0,Oct-96,10.0,1996,1996-10-01
,,,,2.0,,,23.0,,37.0,,3.0,7.0,19.0,42.0,,,,,8.0,,5.0,,2.0,,,9.0,43.0,1.0,,,,,13.0,,3.0,,,2.0,,3.0,,,,3.0,,,41.0,Nov-96,11.0,1996,1996-11-01
,,,,2.0,,,38.0,,37.0,,2.0,6.0,24.0,38.0,,,,,10.0,,4.0,,2.0,,,7.0,42.0,2.0,,,,,14.0,,4.0,,,2.0,,3.0,,,,4.0,,,35.0,Dec-96,12.0,1996,1996-12-01
,1.0,1.0,,2.0,,,29.0,,22.0,,2.0,4.0,19.0,43.0,,,,,9.0,,3.0,,2.0,,,5.0,49.0,2.0,,,1.0,,12.0,,5.0,1.0,,2.0,,2.0,,,,4.0,,,36.0,Jan-97,1.0,1997,1997-01-01
,1.0,1.0,,2.0,,,35.0,,27.0,,2.0,5.0,18.0,45.0,,,,,10.0,,4.0,,1.0,,,8.0,48.0,2.0,,,1.0,,13.0,,5.0,1.0,,2.0,,3.0,,,1.0,5.0,,,38.0,Feb-97,2.0,1997,1997-02-01
,1.0,1.0,,2.0,,,33.0,,28.0,,1.0,3.0,18.0,43.0,,,,,6.0,,4.0,,2.0,,,5.0,49.0,,,,1.0,,15.0,,6.0,,,2.0,,3.0,,,,3.0,,,39.0,Mar-97,3.0,1997,1997-03-01
,,,,2.0,,,43.0,,27.0,,2.0,3.0,22.0,54.0,,,,,7.0,,3.0,,2.0,,,5.0,63.0,3.0,,,,,17.0,,2.0,,,1.0,,3.0,,,,4.0,,,28.0,Apr-97,4.0,1997,1997-04-01
,1.0,,,1.0,,,30.0,,24.0,,2.0,6.0,14.0,45.0,,,,,8.0,,2.0,,1.0,,,5.0,51.0,4.0,,,1.0,,11.0,,10.0,1.0,,1.0,,3.0,,,,3.0,,,39.0,Jun-97,6.0,1997,1997-06-01
,1.0,1.0,,1.0,,,23.0,1.0,23.0,4.0,2.0,6.0,19.0,49.0,,,,,8.0,,4.0,,1.0,,,6.0,46.0,4.0,,,1.0,11.0,13.0,,7.0,1.0,,,,4.0,,2.0,,2.0,4.0,,34.0,Jul-97,7.0,1997,1997-07-01
,,1.0,,1.0,,,16.0,1.0,27.0,4.0,2.0,9.0,18.0,39.0,,,,,9.0,,5.0,,1.0,,,5.0,47.0,2.0,,,1.0,14.0,13.0,,11.0,1.0,,,,5.0,,1.0,,2.0,7.0,,35.0,Aug-97,8.0,1997,1997-08-01
,1.0,,,,,,21.0,1.0,28.0,4.0,2.0,7.0,17.0,45.0,,,,,7.0,,4.0,,1.0,,,6.0,45.0,2.0,,,1.0,11.0,12.0,,7.0,,,,,4.0,,2.0,,2.0,4.0,,35.0,Sep-97,9.0,1997,1997-09-01
,1.0,1.0,,1.0,,,35.0,,26.0,4.0,2.0,6.0,14.0,36.0,,,,,8.0,,4.0,,1.0,,,4.0,47.0,2.0,,,1.0,16.0,12.0,,7.0,1.0,,1.0,,8.0,,1.0,,2.0,3.0,,32.0,Oct-97,10.0,1997,1997-10-01
,1.0,1.0,,1.0,,,31.0,1.0,22.0,4.0,4.0,5.0,16.0,36.0,,,,,8.0,,4.0,,1.0,,,4.0,47.0,1.0,,,1.0,13.0,13.0,,7.0,1.0,,,,4.0,,,,1.0,3.0,,34.0,Nov-97,11.0,1997,1997-11-01
,1.0,1.0,,7.0,,,28.0,1.0,16.0,5.0,2.0,5.0,14.0,31.0,,,,,8.0,,3.0,,1.0,,,4.0,42.0,3.0,,,1.0,10.0,20.0,,9.0,,8.0,,,4.0,,1.0,,2.0,2.0,,31.0,Dec-97,12.0,1997,1997-12-01
,,,,3.0,,,23.0,,19.0,3.0,4.0,5.0,14.0,37.0,,,,,10.0,,3.0,,2.0,,,5.0,42.0,8.0,,,,13.0,23.0,,7.0,,9.0,,,4.0,,1.0,,3.0,3.0,,32.0,Jan-98,1.0,1998,1998-01-01
,,,,2.0,,,16.0,,14.0,4.0,26.0,3.0,14.0,37.0,,,,,7.0,,3.0,,1.0,,,3.0,50.0,5.0,,,,10.0,19.0,,6.0,1.0,8.0,,,3.0,,,,3.0,3.0,,31.0,Feb-98,2.0,1998,1998-02-01
,,,,2.0,,,22.0,,13.0,4.0,4.0,5.0,19.0,42.0,,,,,6.0,,3.0,,2.0,,,4.0,47.0,3.0,,,,11.0,17.0,,7.0,2.0,7.0,,,3.0,,1.0,,4.0,4.0,,34.0,Mar-98,3.0,1998,1998-03-01
,,,,1.0,,,23.0,2.0,21.0,5.0,5.0,9.0,14.0,39.0,,,,,6.0,,3.0,,1.0,,,6.0,35.0,10.0,,,2.0,11.0,13.0,,8.0,1.0,9.0,,,6.0,,,,3.0,3.0,,31.0,Apr-98,4.0,1998,1998-04-01
,,,,1.0,,,22.0,1.0,20.0,5.0,4.0,5.0,13.0,39.0,,,,,7.0,,5.0,,2.0,,,3.0,49.0,11.0,,,1.0,11.0,12.0,,6.0,1.0,7.0,,,3.0,,,,3.0,4.0,,30.0,May-98,5.0,1998,1998-05-01
,,,,1.0,,,33.0,1.0,21.0,5.0,5.0,8.0,13.0,33.0,,,,,8.0,,5.0,,2.0,,,6.0,44.0,5.0,,,2.0,13.0,10.0,,8.0,2.0,9.0,,,3.0,,,,3.0,5.0,,33.0,Jun-98,6.0,1998,1998-06-01
,,,,1.0,,,22.0,1.0,19.0,6.0,3.0,7.0,17.0,40.0,,,,,8.0,,4.0,,1.0,,,5.0,45.0,5.0,,,1.0,12.0,13.0,,8.0,2.0,9.0,,,3.0,,,,3.0,8.0,,28.0,Jul-98,7.0,1998,1998-07-01
,,,,,,,13.0,1.0,21.0,4.0,7.0,8.0,26.0,33.0,,,,,7.0,,4.0,,1.0,,,4.0,41.0,11.0,,,2.0,11.0,12.0,,7.0,1.0,7.0,,,4.0,,,,4.0,4.0,,36.0,Aug-98,8.0,1998,1998-08-01
,,,,1.0,,,20.0,1.0,17.0,7.0,3.0,5.0,27.0,31.0,,,,,9.0,,6.0,,1.0,,,4.0,40.0,1.0,,,1.0,6.0,9.0,,4.0,3.0,7.0,,,6.0,,,,2.0,4.0,,44.0,Sep-98,9.0,1998,1998-09-01
,,,,1.0,,,23.0,2.0,20.0,6.0,4.0,8.0,30.0,33.0,,,,,8.0,,8.0,,2.0,,,5.0,38.0,2.0,,,1.0,5.0,12.0,,5.0,3.0,10.0,,,4.0,,,,1.0,2.0,,43.0,Oct-98,10.0,1998,1998-10-01
,,,,2.0,,,26.0,2.0,17.0,7.0,8.0,6.0,21.0,32.0,,,,,7.0,,5.0,,2.0,,4.0,4.0,37.0,1.0,,,2.0,8.0,11.0,,5.0,2.0,7.0,,,6.0,,,,5.0,3.0,,35.0,Nov-98,11.0,1998,1998-11-01
,,,,1.0,,,32.0,1.0,17.0,4.0,5.0,6.0,18.0,26.0,,,,,8.0,,6.0,,1.0,,3.0,5.0,34.0,2.0,,,1.0,12.0,10.0,,3.0,,8.0,,,7.0,,1.0,,3.0,4.0,,30.0,Dec-98,12.0,1998,1998-12-01
,,,,1.0,,,27.0,2.0,17.0,6.0,7.0,5.0,19.0,32.0,,,,,7.0,,4.0,,2.0,,4.0,5.0,49.0,1.0,,,2.0,9.0,10.0,,6.0,1.0,5.0,1.0,,4.0,,1.0,,3.0,2.0,,26.0,Jan-99,1.0,1999,1999-01-01
,1.0,1.0,,3.0,,,30.0,2.0,19.0,4.0,8.0,6.0,13.0,29.0,,,,,7.0,,4.0,,1.0,,4.0,4.0,39.0,3.0,,,2.0,9.0,11.0,,5.0,1.0,9.0,,,7.0,,1.0,,3.0,2.0,,26.0,Feb-99,2.0,1999,1999-02-01
,,1.0,,1.0,,,32.0,1.0,16.0,6.0,4.0,5.0,15.0,29.0,,,,,7.0,,4.0,,2.0,,3.0,5.0,37.0,3.0,,,1.0,10.0,10.0,,5.0,1.0,10.0,,,5.0,,1.0,,5.0,3.0,,25.0,Mar-99,3.0,1999,1999-03-01
,,,,,,,15.0,1.0,20.0,5.0,28.0,9.0,13.0,31.0,,,,,6.0,,5.0,,1.0,,4.0,3.0,34.0,2.0,,,4.0,11.0,7.0,,4.0,1.0,9.0,,,8.0,,2.0,,5.0,3.0,,27.0,Apr-99,4.0,1999,1999-04-01
,1.0,1.0,,,,,26.0,1.0,18.0,7.0,28.0,6.0,15.0,27.0,,,,,9.0,,3.0,,1.0,,3.0,5.0,33.0,,,,3.0,11.0,11.0,,6.0,1.0,8.0,,,6.0,,1.0,1.0,3.0,3.0,,23.0,May-99,5.0,1999,1999-05-01
,,1.0,,1.0,,,37.0,1.0,18.0,7.0,16.0,7.0,16.0,29.0,,,,,9.0,,4.0,,1.0,,3.0,6.0,35.0,2.0,,,2.0,10.0,10.0,,5.0,1.0,8.0,1.0,,7.0,,2.0,,3.0,4.0,,19.0,Jun-99,6.0,1999,1999-06-01
,,,,1.0,,,30.0,1.0,16.0,7.0,7.0,6.0,13.0,30.0,,1.0,,,8.0,,4.0,,1.0,,2.0,3.0,39.0,10.0,,,1.0,11.0,7.0,,8.0,1.0,7.0,,,7.0,,1.0,,4.0,11.0,,21.0,Jul-99,7.0,1999,1999-07-01
,,,,1.0,,,25.0,2.0,19.0,7.0,5.0,5.0,13.0,30.0,,3.0,,,8.0,,6.0,,1.0,,3.0,4.0,41.0,2.0,,,1.0,10.0,11.0,,6.0,1.0,9.0,1.0,,10.0,,,0.0,5.0,7.0,,24.0,Aug-99,8.0,1999,1999-08-01
,,1.0,,1.0,,,23.0,3.0,21.0,5.0,5.0,12.0,11.0,31.0,,2.0,,,8.0,,4.0,,1.0,,3.0,6.0,39.0,3.0,,,1.0,11.0,14.0,,7.0,1.0,14.0,,,7.0,,1.0,,2.0,5.0,,22.0,Sep-99,9.0,1999,1999-09-01
,,,,4.0,,,34.0,3.0,16.0,5.0,5.0,7.0,9.0,31.0,,1.0,,,9.0,,5.0,,1.0,,2.0,3.0,41.0,2.0,,,1.0,13.0,12.0,,7.0,2.0,11.0,,,8.0,,,,3.0,10.0,,17.0,Oct-99,10.0,1999,1999-10-01
,1.0,,,4.0,,,23.0,2.0,24.0,4.0,5.0,8.0,13.0,29.0,,1.0,,,11.0,,4.0,,2.0,,5.0,5.0,40.0,4.0,,,1.0,11.0,14.0,,8.0,1.0,10.0,,,5.0,,,,4.0,12.0,,21.0,Nov-99,11.0,1999,1999-11-01
,2.0,,,5.0,,,32.0,2.0,15.0,0.0,4.0,6.0,10.0,33.0,,1.0,,,8.0,,3.0,,1.0,,4.0,5.0,41.0,2.0,,,1.0,15.0,13.0,,6.0,1.0,10.0,1.0,,4.0,,1.0,0.0,5.0,14.0,,18.0,Dec-99,12.0,1999,1999-12-01
,0.0,,,,,,22.0,1.0,24.0,7.0,4.0,8.0,11.0,32.0,,1.0,,,9.0,,3.0,,1.0,,4.0,5.0,70.0,2.0,,,2.0,12.0,12.0,,5.0,1.0,8.0,,,7.0,,,,5.0,7.0,,20.0,Jan-00,1.0,2000,2000-01-01
,,,,1.0,,,25.0,2.0,18.0,7.0,3.0,6.0,11.0,32.0,,1.0,,,6.0,,4.0,,2.0,,4.0,4.0,54.0,6.0,,,1.0,13.0,13.0,,3.0,2.0,7.0,,,12.0,,,,5.0,5.0,,19.0,Feb-00,2.0,2000,2000-02-01
,,,,,,,20.0,1.0,20.0,6.0,2.0,10.0,7.0,37.0,,2.0,,,9.0,,3.0,,1.0,,4.0,5.0,57.0,2.0,,,1.0,11.0,12.0,,6.0,1.0,9.0,,,13.0,,,,5.0,4.0,,18.0,Mar-00,3.0,2000,2000-03-01
,0.0,,,,,,17.0,2.0,16.0,5.0,3.0,7.0,11.0,35.0,,2.0,,,10.0,,2.0,,,,2.0,5.0,53.0,2.0,,,1.0,12.0,14.0,,5.0,1.0,9.0,,,19.0,,1.0,0.0,6.0,6.0,,21.0,Apr-00,4.0,2000,2000-04-01
,1.0,1.0,,1.0,,,19.0,2.0,34.0,4.0,4.0,10.0,11.0,30.0,,3.0,,,9.0,,3.0,,2.0,,2.0,6.0,45.0,2.0,,,1.0,13.0,15.0,,5.0,1.0,9.0,1.0,,16.0,,1.0,,4.0,6.0,,23.0,May-00,5.0,2000,2000-05-01
,0.0,1.0,,,,,24.0,1.0,23.0,6.0,3.0,8.0,9.0,32.0,,1.0,,,7.0,,4.0,,1.0,,4.0,4.0,55.0,1.0,,,,15.0,12.0,,4.0,2.0,8.0,,,17.0,,,0.0,7.0,4.0,,17.0,Jun-00,6.0,2000,2000-06-01
,,,,1.0,,,19.0,1.0,34.0,0.0,2.0,6.0,12.0,34.0,,1.0,,,7.0,,5.0,,2.0,,3.0,5.0,51.0,1.0,,,,21.0,14.0,,5.0,2.0,8.0,,,11.0,,,,11.0,13.0,,17.0,Jul-00,7.0,2000,2000-07-01
,,1.0,,1.0,,,24.0,1.0,26.0,0.0,2.0,6.0,11.0,32.0,,1.0,,,5.0,,4.0,,1.0,,3.0,5.0,49.0,1.0,,,,22.0,15.0,,4.0,1.0,6.0,,,11.0,,,,6.0,8.0,,16.0,Aug-00,8.0,2000,2000-08-01
,,1.0,,1.0,,,21.0,2.0,13.0,0.0,2.0,3.0,10.0,30.0,,1.0,,,5.0,,4.0,,2.0,,2.0,3.0,46.0,1.0,,,,18.0,23.0,31.0,5.0,1.0,7.0,,,6.0,,,,13.0,7.0,,10.0,Sep-00,9.0,2000,2000-09-01
,,,,1.0,,,24.0,1.0,19.0,5.0,4.0,7.0,9.0,25.0,,,,,5.0,,4.0,,2.0,,2.0,5.0,44.0,1.0,,,,12.0,19.0,22.0,4.0,1.0,8.0,,,10.0,,,,9.0,12.0,,10.0,Oct-00,10.0,2000,2000-10-01
,,1.0,,3.0,,,27.0,2.0,13.0,7.0,6.0,5.0,12.0,27.0,,2.0,,,6.0,,3.0,,2.0,,4.0,4.0,46.0,,,,,12.0,14.0,17.0,14.0,1.0,6.0,,,6.0,,,,9.0,9.0,,10.0,Nov-00,11.0,2000,2000-11-01
,,,,1.0,,,26.0,2.0,26.0,4.0,3.0,7.0,10.0,29.0,,1.0,,,7.0,,2.0,,2.0,,2.0,5.0,45.0,,,,,10.0,9.0,11.0,9.0,2.0,5.0,,,8.0,,,,7.0,14.0,,7.0,Dec-00,12.0,2000,2000-12-01
,,1.0,,1.0,,,21.0,2.0,30.0,3.0,3.0,6.0,11.0,32.0,,1.0,,,6.0,,3.0,,2.0,,3.0,4.0,50.0,1.0,,,,17.0,8.0,8.0,6.0,2.0,6.0,1.0,,11.0,,1.0,,6.0,9.0,,12.0,Jan-01,1.0,2001,2001-01-01
,1.0,,,1.0,,,23.0,1.0,25.0,4.0,5.0,5.0,11.0,37.0,,1.0,,,7.0,,2.0,,1.0,,3.0,3.0,48.0,1.0,,,1.0,13.0,11.0,8.0,5.0,1.0,6.0,1.0,,18.0,,1.0,0.0,7.0,9.0,,12.0,Feb-01,2.0,2001,2001-02-01
,,2.0,,5.0,,,17.0,3.0,16.0,4.0,1.0,5.0,9.0,29.0,49.0,1.0,,,4.0,,2.0,,1.0,,2.0,2.0,37.0,1.0,,,,8.0,8.0,4.0,4.0,1.0,5.0,,,10.0,,,,5.0,6.0,,10.0,Mar-01,3.0,2001,2001-03-01
,1.0,2.0,,4.0,,,14.0,3.0,19.0,4.0,3.0,6.0,10.0,32.0,41.0,1.0,,,5.0,,1.0,,1.0,,2.0,3.0,41.0,1.0,,,,11.0,8.0,7.0,5.0,,6.0,,,16.0,,,,4.0,4.0,,12.0,Apr-01,4.0,2001,2001-04-01
,,1.0,,1.0,,,24.0,2.0,29.0,5.0,2.0,9.0,10.0,44.0,7.0,,,,6.0,,2.0,,1.0,,2.0,4.0,58.0,1.0,,,1.0,12.0,11.0,4.0,6.0,2.0,6.0,1.0,,14.0,,1.0,0.0,4.0,11.0,,10.0,Jun-01,6.0,2001,2001-06-01
,,,,1.0,,,20.0,3.0,32.0,3.0,2.0,5.0,12.0,34.0,4.0,1.0,,,6.0,,2.0,,2.0,,2.0,4.0,52.0,1.0,,,1.0,11.0,10.0,3.0,8.0,1.0,6.0,1.0,,17.0,,1.0,,5.0,11.0,,11.0,Jul-01,7.0,2001,2001-07-01
,1.0,2.0,,2.0,,,22.0,2.0,22.0,0.0,2.0,4.0,13.0,35.0,7.0,1.0,,,6.0,,2.0,,2.0,,3.0,4.0,54.0,1.0,,,,11.0,8.0,3.0,4.0,1.0,5.0,1.0,,23.0,,,0.0,5.0,9.0,,13.0,Aug-01,8.0,2001,2001-08-01
,,,,1.0,,,9.0,1.0,15.0,0.0,60.0,4.0,15.0,30.0,3.0,,,,4.0,,2.0,,1.0,,2.0,2.0,43.0,1.0,,,4.0,13.0,7.0,2.0,3.0,1.0,4.0,1.0,,27.0,,,,3.0,5.0,,11.0,Sep-01,9.0,2001,2001-09-01
,,1.0,,1.0,,,7.0,1.0,14.0,4.0,57.0,3.0,12.0,31.0,3.0,,,,4.0,,2.0,,2.0,,3.0,4.0,49.0,2.0,,,3.0,10.0,7.0,,2.0,1.0,5.0,1.0,,17.0,,,,2.0,8.0,,12.0,Oct-01,10.0,2001,2001-10-01
,,1.0,,1.0,,,19.0,2.0,19.0,4.0,40.0,4.0,15.0,29.0,2.0,,,,5.0,,1.0,,2.0,,2.0,3.0,49.0,2.0,,,2.0,10.0,8.0,2.0,2.0,,4.0,,,12.0,,,0.0,2.0,10.0,,14.0,Nov-01,11.0,2001,2001-11-01
,,,,,,,13.0,1.0,23.0,4.0,13.0,5.0,12.0,32.0,2.0,,,,3.0,,2.0,,2.0,,2.0,4.0,66.0,2.0,,,2.0,11.0,6.0,2.0,2.0,2.0,6.0,2.0,,16.0,,,,3.0,22.0,,9.0,Jan-02,1.0,2002,2002-01-01
,,1.0,,,,,13.0,1.0,28.0,4.0,11.0,5.0,7.0,28.0,1.0,,,,4.0,,2.0,,2.0,,1.0,4.0,72.0,,,,1.0,14.0,10.0,1.0,3.0,1.0,5.0,,,18.0,,,,6.0,18.0,,10.0,Feb-02,2.0,2002,2002-02-01
,1.0,1.0,,,,,11.0,1.0,37.0,4.0,18.0,7.0,8.0,30.0,1.0,,,,4.0,,2.0,,1.0,,2.0,4.0,58.0,1.0,,,3.0,12.0,10.0,1.0,3.0,1.0,7.0,1.0,,15.0,,,,2.0,14.0,,8.0,Mar-02,3.0,2002,2002-03-01
,,,,,,,10.0,1.0,29.0,5.0,19.0,6.0,8.0,28.0,1.0,,,,5.0,,1.0,,2.0,,3.0,6.0,66.0,1.0,,,2.0,10.0,9.0,2.0,4.0,1.0,6.0,1.0,,13.0,,,,5.0,12.0,,8.0,Apr-02,4.0,2002,2002-04-01
,,,,,,,14.0,3.0,34.0,4.0,13.0,13.0,8.0,32.0,1.0,,,,7.0,,1.0,,1.0,,2.0,5.0,50.0,,,,3.0,11.0,9.0,1.0,3.0,2.0,4.0,,,39.0,,,,3.0,16.0,,6.0,May-02,5.0,2002,2002-05-01
,,,,,,,14.0,1.0,31.0,4.0,13.0,10.0,9.0,29.0,,1.0,,,7.0,,2.0,,1.0,,2.0,4.0,54.0,1.0,,,2.0,14.0,11.0,1.0,4.0,1.0,5.0,,,32.0,,1.0,,4.0,17.0,,6.0,Jun-02,6.0,2002,2002-06-01
,,,,,,,11.0,,31.0,4.0,10.0,,12.0,37.0,,,,,8.0,,3.0,,1.0,,,,55.0,,,,2.0,15.0,11.0,,2.0,,,,,22.0,,,1.0,,,,10.0,Jul-02,7.0,2002,2002-07-01
,,,,,,,,,,,,,,,,,,,,,,,,,,,,,,,,,,,,,,,,,,,,,,,,Aug-02,8.0,2002,2002-08-01
,,,,,,,8.0,,28.0,3.0,34.0,,10.0,31.0,,,,,6.0,,2.0,,1.0,,,,41.0,1.0,,,9.0,17.0,9.0,,2.0,,,,,21.0,,,1.0,,,,8.0,Sep-02,9.0,2002,2002-09-01
,1.0,,,,,,8.0,1.0,28.0,4.0,35.0,7.0,7.0,32.0,1.0,,,,6.0,,4.0,,2.0,,4.0,3.0,45.0,3.0,,,8.0,15.0,9.0,1.0,2.0,1.0,6.0,1.0,,18.0,,,2.0,4.0,11.0,,10.0,Oct-02,10.0,2002,2002-10-01
,1.0,,,,,,8.0,1.0,30.0,3.0,40.0,6.0,10.0,29.0,,,,,6.0,,3.0,,2.0,,5.0,5.0,42.0,,,,10.0,17.0,12.0,,3.0,1.0,6.0,1.0,,18.0,,0.0,11.0,3.0,8.0,,9.0,Nov-02,11.0,2002,2002-11-01
,1.0,,,,,,8.0,1.0,23.0,5.0,35.0,6.0,12.0,29.0,,,,,6.0,,4.0,,1.0,,5.0,4.0,38.0,,,,7.0,13.0,13.0,1.0,2.0,1.0,7.0,1.0,,23.0,,0.0,4.0,5.0,12.0,,9.0,Dec-02,12.0,2002,2002-12-01
,,,,,,,5.0,1.0,21.0,3.0,64.0,6.0,12.0,27.0,1.0,,,,4.0,,3.0,,2.0,,3.0,4.0,35.0,,,,9.0,11.0,6.0,1.0,1.0,0.0,5.0,1.0,,34.0,,,2.0,3.0,6.0,,6.0,Jan-03,1.0,2003,2003-01-01
,,,,,,,4.0,1.0,20.0,2.0,69.0,5.0,10.0,27.0,,,,,6.0,,2.0,,1.0,,4.0,4.0,44.0,,,,11.0,11.0,11.0,2.0,2.0,1.0,5.0,1.0,,27.0,,,1.0,5.0,11.0,,9.0,Feb-03,2.0,2003,2003-02-01
,,,,,,,5.0,1.0,18.0,3.0,64.0,2.0,13.0,27.0,,,,,5.0,,3.0,,2.0,,2.0,3.0,42.0,,,,9.0,14.0,9.0,1.0,2.0,,5.0,,,26.0,,,2.0,7.0,9.0,,8.0,Mar-03,3.0,2003,2003-03-01
,,,,,,,7.0,2.0,19.0,4.0,26.0,5.0,15.0,32.0,1.0,,,,5.0,,2.0,,2.0,,2.0,3.0,49.0,,,,3.0,13.0,9.0,1.0,3.0,,7.0,1.0,,27.0,,,,7.0,6.0,,10.0,Apr-03,4.0,2003,2003-04-01
,,1.0,,,,,22.0,1.0,25.0,5.0,24.0,5.0,13.0,30.0,,,,,5.0,,2.0,,2.0,,3.0,3.0,39.0,1.0,,,3.0,13.0,10.0,1.0,2.0,1.0,6.0,,,33.0,,,,6.0,5.0,,8.0,May-03,5.0,2003,2003-05-01
,,,,,,,26.0,1.0,22.0,6.0,21.0,6.0,10.0,27.0,0.0,1.0,,,6.0,,3.0,,3.0,,1.0,5.0,41.0,,,,2.0,13.0,9.0,1.0,3.0,1.0,6.0,,,29.0,,,,6.0,9.0,,7.0,Jun-03,6.0,2003,2003-06-01
,1.0,,,1.0,,,11.0,1.0,26.0,5.0,24.0,4.0,9.0,33.0,,1.0,,,6.0,,2.0,,1.0,,2.0,6.0,43.0,,,,4.0,15.0,11.0,1.0,4.0,1.0,6.0,1.0,,29.0,,1.0,1.0,4.0,9.0,,10.0,Jul-03,7.0,2003,2003-07-01
,,,,,,,9.0,1.0,24.0,5.0,20.0,6.0,12.0,33.0,,,,,7.0,,3.0,,3.0,,3.0,5.0,45.0,,,,4.0,16.0,10.0,1.0,2.0,1.0,6.0,1.0,,35.0,,,,6.0,10.0,,10.0,Aug-03,8.0,2003,2003-08-01
,1.0,,,,,,13.0,1.0,24.0,0.0,37.0,6.0,14.0,28.0,,1.0,,,7.0,,2.0,,2.0,,3.0,5.0,40.0,,,,4.0,20.0,12.0,1.0,2.0,,5.0,,,29.0,,,1.0,6.0,7.0,,9.0,Sep-03,9.0,2003,2003-09-01
,1.0,1.0,,,,,12.0,1.0,25.0,7.0,21.0,6.0,10.0,26.0,,1.0,,,5.0,,2.0,,2.0,,2.0,4.0,40.0,1.0,,,2.0,16.0,11.0,1.0,2.0,,5.0,1.0,,34.0,,,,8.0,8.0,,7.0,Oct-03,10.0,2003,2003-10-01
,1.0,,,,,,7.0,1.0,29.0,6.0,40.0,4.0,11.0,27.0,,,,,5.0,,2.0,,3.0,,2.0,6.0,46.0,,,,3.0,16.0,10.0,1.0,2.0,1.0,5.0,1.0,,26.0,,,1.0,7.0,7.0,,8.0,Nov-03,11.0,2003,2003-11-01
,1.0,,,,,,12.0,1.0,22.0,6.0,26.0,5.0,12.0,33.0,,,,,5.0,,2.0,,4.0,,2.0,4.0,41.0,,,,4.0,17.0,11.0,1.0,4.0,,6.0,1.0,,29.0,,1.0,,10.0,8.0,,7.0,Dec-03,12.0,2003,2003-12-01
,,,,,,,9.0,2.0,23.0,6.0,26.0,4.0,10.0,32.0,,1.0,,,6.0,,2.0,,4.0,,2.0,4.0,36.0,,,,3.0,15.0,13.0,1.0,4.0,,5.0,1.0,4.0,29.0,,1.0,,11.0,9.0,,8.0,Jan-04,1.0,2004,2004-01-01
,,,,,,,7.0,1.0,26.0,5.0,28.0,6.0,9.0,33.0,,1.0,,,5.0,,2.0,,4.0,,2.0,5.0,37.0,0.0,,,3.0,14.0,13.0,1.0,3.0,1.0,5.0,1.0,3.0,35.0,,1.0,0.0,10.0,6.0,,8.0,Feb-04,2.0,2004,2004-02-01
,,,,0.0,,,5.0,1.0,22.0,5.0,41.0,6.0,11.0,27.0,,2.0,,,6.0,,3.0,,4.0,,2.0,7.0,35.0,,,,2.0,15.0,12.0,,4.0,,6.0,1.0,5.0,31.0,,1.0,,10.0,7.0,,8.0,Mar-04,3.0,2004,2004-03-01
,1.0,,,0.0,,,9.0,1.0,19.0,3.0,47.0,3.0,9.0,29.0,,,,,8.0,,2.0,,2.0,,2.0,4.0,34.0,,,,4.0,13.0,10.0,1.0,2.0,,6.0,,3.0,36.0,,,,7.0,5.0,,7.0,Apr-04,4.0,2004,2004-04-01
,,,,,,,17.0,1.0,21.0,4.0,47.0,6.0,9.0,25.0,,1.0,,,8.0,,3.0,,3.0,,2.0,4.0,34.0,,,,3.0,13.0,9.0,3.0,4.0,,5.0,,3.0,30.0,,,,8.0,7.0,,7.0,May-04,5.0,2004,2004-05-01
,,0.0,,0.0,,,16.0,1.0,20.0,5.0,35.0,5.0,7.0,28.0,,1.0,,,7.0,,2.0,,1.0,,1.0,4.0,44.0,0.0,,,1.0,14.0,10.0,3.0,3.0,1.0,4.0,0.0,3.0,28.0,,,,5.0,7.0,,6.0,Jun-04,6.0,2004,2004-06-01
,,,,,,,11.0,1.0,28.0,4.0,34.0,4.0,10.0,27.0,,1.0,,,7.0,,2.0,,3.0,,2.0,4.0,40.0,0.0,,,2.0,13.0,12.0,2.0,2.0,1.0,5.0,1.0,5.0,31.0,,,,9.0,8.0,,7.0,Jul-04,7.0,2004,2004-07-01
,,,,,,,9.0,,28.0,5.0,38.0,6.0,10.0,23.0,0.0,1.0,,,6.0,,4.0,,4.0,,1.0,4.0,34.0,,,,2.0,14.0,8.0,3.0,4.0,,3.0,1.0,2.0,30.0,,,,8.0,6.0,,7.0,Aug-04,8.0,2004,2004-08-01
,,,,,,,8.0,1.0,27.0,5.0,36.0,6.0,10.0,29.0,,1.0,,,7.0,,3.0,,3.0,,2.0,5.0,34.0,,,,1.0,15.0,15.0,2.0,4.0,1.0,4.0,,4.0,26.0,,,,8.0,5.0,,8.0,Sep-04,9.0,2004,2004-09-01
,0.0,,,,,,7.0,2.0,28.0,4.0,47.0,7.0,11.0,26.0,0.0,,,,7.0,,3.0,,2.0,,1.0,4.0,36.0,,,,2.0,11.0,20.0,1.0,3.0,1.0,5.0,,3.0,25.0,,,0.0,9.0,4.0,,7.0,Oct-04,10.0,2004,2004-10-01
,1.0,,,,,,9.0,1.0,27.0,5.0,47.0,6.0,10.0,22.0,,1.0,,,5.0,,2.0,,1.0,,2.0,5.0,32.0,,,,2.0,16.0,12.0,2.0,5.0,1.0,6.0,1.0,3.0,24.0,,,0.0,6.0,6.0,,6.0,Nov-04,11.0,2004,2004-11-01
,,1.0,,,,,6.0,1.0,30.0,5.0,40.0,5.0,10.0,25.0,,,,,6.0,,2.0,,2.0,,2.0,6.0,33.0,,,,2.0,16.0,13.0,2.0,4.0,,7.0,1.0,4.0,25.0,,,,9.0,7.0,,6.0,Dec-04,12.0,2004,2004-12-01
,,1.0,,0.0,,,7.0,2.0,26.0,6.0,34.0,5.0,10.0,24.0,,1.0,,,8.0,,2.0,,3.0,,2.0,6.0,34.0,,,,2.0,13.0,11.0,1.0,5.0,1.0,8.0,1.0,3.0,26.0,,,0.0,8.0,4.0,3.0,7.0,Jan-05,1.0,2005,2005-01-01
,,1.0,,,,,8.0,1.0,29.0,5.0,25.0,5.0,10.0,26.0,,,,,7.0,,2.0,,3.0,,2.0,6.0,38.0,,,,1.0,12.0,14.0,1.0,6.0,,7.0,1.0,3.0,40.0,,,,7.0,4.0,,8.0,Feb-05,2.0,2005,2005-02-01
,,1.0,,0.0,,,5.0,2.0,29.0,4.0,24.0,6.0,12.0,30.0,1.0,1.0,,,9.0,,2.0,,3.0,,2.0,6.0,44.0,,,,1.0,14.0,13.0,2.0,4.0,,8.0,,3.0,33.0,,,,6.0,4.0,,8.0,Mar-05,3.0,2005,2005-03-01
,,,,,,,9.0,1.0,40.0,4.0,14.0,7.0,11.0,26.0,,,,,8.0,,2.0,,3.0,,1.0,10.0,36.0,,,,1.0,15.0,14.0,2.0,6.0,,5.0,,3.0,27.0,,,,8.0,4.0,,7.0,May-05,5.0,2005,2005-05-01
,,,,,,,19.0,1.0,30.0,6.0,16.0,4.0,11.0,24.0,,,,,6.0,,2.0,,2.0,,1.0,4.0,36.0,0.0,,,1.0,13.0,11.0,1.0,7.0,,7.0,,2.0,33.0,,,,8.0,5.0,1.0,8.0,Jun-05,6.0,2005,2005-06-01
,0.0,,,,,,7.0,1.0,25.0,3.0,58.0,3.0,10.0,20.0,,,,,5.0,,1.0,,2.0,,2.0,5.0,29.0,,,,1.0,6.0,8.0,2.0,7.0,,7.0,,2.0,32.0,,,0.0,6.0,5.0,1.0,8.0,Jul-05,7.0,2005,2005-07-01
,,,,,,,4.0,1.0,24.0,3.0,56.0,4.0,13.0,19.0,,,,,6.0,,2.0,,2.0,,1.0,4.0,28.0,,,,1.0,8.0,8.0,4.0,4.0,,7.0,,1.0,35.0,,,,4.0,3.0,,7.0,Aug-05,8.0,2005,2005-08-01
,,,,,,,5.0,1.0,25.0,3.0,46.0,5.0,11.0,21.0,,,,,5.0,,3.0,,3.0,,2.0,7.0,28.0,,,,2.0,11.0,10.0,5.0,6.0,,6.0,,2.0,32.0,,,0.0,8.0,4.0,,7.0,Sep-05,9.0,2005,2005-09-01
,1.0,,,,,,5.0,1.0,31.0,5.0,31.0,6.0,10.0,26.0,,,,,6.0,,2.0,,4.0,,1.0,5.0,34.0,,,,1.0,6.0,12.0,3.0,6.0,,6.0,,3.0,30.0,,0.0,0.0,7.0,4.0,1.0,6.0,Oct-05,10.0,2005,2005-10-01
,,,,,,,3.0,1.0,34.0,4.0,41.0,7.0,13.0,27.0,,1.0,,,4.0,,2.0,,3.0,,1.0,5.0,29.0,,,,1.0,4.0,14.0,1.0,6.0,,4.0,1.0,2.0,25.0,,,,9.0,3.0,,7.0,Nov-05,11.0,2005,2005-11-01
,,,,,,,4.0,2.0,36.0,4.0,26.0,7.0,10.0,28.0,,,,,6.0,,2.0,,3.0,,2.0,7.0,30.0,,,,2.0,6.0,11.0,4.0,9.0,,7.0,1.0,2.0,28.0,,,,7.0,3.0,,7.0,Jan-06,1.0,2006,2006-01-01
,,,,,,,3.0,1.0,28.0,3.0,34.0,6.0,11.0,25.0,,,,,6.0,,2.0,,3.0,,2.0,5.0,33.0,,,,2.0,16.0,13.0,3.0,8.0,,6.0,,,30.0,,1.0,,7.0,3.0,,9.0,Feb-06,2.0,2006,2006-02-01
,,,1.0,,,,3.0,2.0,26.0,4.0,29.0,5.0,9.0,28.0,0.0,,,,6.0,,2.0,,3.0,,2.0,6.0,37.0,,,,2.0,14.0,13.0,2.0,9.0,,8.0,,3.0,30.0,,,,8.0,3.0,0.0,5.0,Mar-06,3.0,2006,2006-03-01
,,,2.0,,,,3.0,2.0,30.0,4.0,23.0,3.0,9.0,28.0,,,,,6.0,,2.0,,2.0,,2.0,5.0,47.0,0.0,,,1.0,16.0,12.0,5.0,11.0,,5.0,,3.0,35.0,,,,7.0,3.0,,7.0,Apr-06,4.0,2006,2006-04-01
,,,,,,,3.0,1.0,36.0,2.0,27.0,5.0,10.0,25.0,,,,,5.0,,3.0,,2.0,,2.0,5.0,38.0,0.0,,,1.0,7.0,20.0,4.0,12.0,,5.0,,2.0,41.0,,,0.0,5.0,2.0,,6.0,May-06,5.0,2006,2006-05-01
,,,,,,,3.0,2.0,41.0,4.0,25.0,5.0,8.0,19.0,,1.0,,,7.0,,2.0,,2.0,,2.0,6.0,35.0,,,,2.0,7.0,10.0,3.0,10.0,0.5,5.0,1.0,2.0,35.0,,1.0,,6.0,3.0,,6.0,Jun-06,6.0,2006,2006-06-01
,0.0,1.0,,,,,3.0,1.0,37.0,4.0,36.0,4.0,9.0,20.0,,,,,6.0,,3.0,,2.0,,1.0,5.0,35.0,0.0,,,2.0,6.0,10.0,6.0,10.0,,7.0,,3.0,38.0,,1.0,,7.0,2.0,,6.0,Jul-06,7.0,2006,2006-07-01
,1.0,1.0,1.0,,,,3.0,1.0,26.0,4.0,38.0,6.0,8.0,19.0,,1.0,,,8.0,,3.0,,3.0,,2.0,4.0,32.0,,,,2.0,6.0,7.0,3.0,10.0,1.0,4.0,,2.0,45.0,,,,7.0,2.0,,5.0,Aug-06,8.0,2006,2006-08-01
,,1.0,,,,,3.0,2.0,30.0,4.0,37.0,5.0,8.0,20.0,1.0,1.0,,,5.0,,2.0,,2.0,,2.0,5.0,38.0,,,,3.0,5.0,7.0,1.0,8.0,,5.0,1.0,2.0,40.0,,0.0,0.0,7.0,3.0,,6.0,Oct-06,10.0,2006,2006-10-01
,1.0,1.0,,,,,3.0,1.0,32.0,4.0,40.0,6.0,9.0,18.0,,,,,6.0,,4.0,,3.0,,2.0,6.0,31.0,,,,1.0,3.0,7.0,2.0,11.0,,5.0,1.0,3.0,38.0,,,,8.0,2.0,1.0,6.0,Nov-06,11.0,2006,2006-11-01
,1.0,,,,,,3.0,1.0,33.0,4.0,35.0,5.0,9.0,21.0,,,,,7.0,,4.0,,1.0,,2.0,6.0,32.0,,,,2.0,4.0,10.0,2.0,13.0,,5.0,1.0,3.0,38.0,,1.0,,9.0,3.0,1.0,6.0,Dec-06,12.0,2006,2006-12-01
,1.0,1.0,,,,,7.0,2.0,37.0,3.0,36.0,11.0,14.0,22.0,,1.0,,,8.0,,7.0,,4.0,,3.0,6.0,27.0,,,,3.0,2.0,8.0,2.0,19.0,1.0,4.0,,3.0,25.0,,,,7.0,2.0,,6.0,Jan-07,1.0,2007,2007-01-01
,1.0,1.0,,,,,2.0,1.0,40.0,4.0,27.0,9.0,10.0,19.0,,,,,10.0,,5.0,,3.0,,2.0,8.0,36.0,,,,1.0,5.0,8.0,1.0,12.0,,5.0,1.0,4.0,36.0,,,1.0,9.0,4.0,,8.0,Apr-07,4.0,2007,2007-04-01
,,1.0,,,,,3.0,1.0,36.0,4.0,27.0,7.0,9.0,23.0,,,,,11.0,,3.0,,3.0,,3.0,6.0,37.0,,,,2.0,6.0,7.0,1.0,10.0,,5.0,1.0,3.0,38.0,,1.0,,6.0,3.0,0.0,7.0,May-07,5.0,2007,2007-05-01
,1.0,1.0,1.0,,,,4.0,2.0,35.0,3.0,27.0,6.0,10.0,22.0,,,,,10.0,,3.0,,3.0,,2.0,7.0,37.0,0.0,,,2.0,5.0,8.0,1.0,13.0,,6.0,1.0,3.0,40.0,,1.0,,6.0,3.0,,8.0,Jun-07,6.0,2007,2007-06-01
,,,,,,,3.0,1.0,35.0,3.0,39.0,7.0,7.0,22.0,0.0,,,,16.0,,3.0,,2.0,,3.0,8.0,30.0,,,,2.0,4.0,6.0,1.0,9.0,,5.0,1.0,3.0,40.0,,1.0,,7.0,3.0,,7.0,Jul-07,7.0,2007,2007-07-01
,1.0,,1.0,,,,3.0,,55.0,4.0,25.0,8.0,9.0,19.0,1.0,1.0,,,9.0,,3.0,,2.0,,2.0,9.0,26.0,,,,2.0,5.0,5.0,1.0,8.0,,6.0,,4.0,35.0,,1.0,,6.0,3.0,,7.0,Aug-07,8.0,2007,2007-08-01
,1.0,1.0,1.0,,,,4.0,1.0,41.0,5.0,22.0,7.0,10.0,17.0,1.0,,,,11.0,,4.0,,2.0,,4.0,7.0,36.0,0.0,,,1.0,6.0,6.0,,7.0,0.0,3.0,1.0,3.0,43.0,,,0.0,8.0,2.0,,8.0,Sep-07,9.0,2007,2007-09-01
,2.0,1.0,1.0,,,,6.0,1.0,38.0,2.0,20.0,9.0,11.0,19.0,,,,,12.0,,5.0,,2.0,,3.0,7.0,40.0,,,,1.0,6.0,6.0,2.0,6.0,,5.0,,3.0,41.0,,,,8.0,3.0,,6.0,Oct-07,10.0,2007,2007-10-01
,2.0,1.0,1.0,,,,4.0,2.0,37.0,2.0,21.0,6.0,13.0,21.0,1.0,,,,15.0,,6.0,,2.0,,4.0,8.0,33.0,0.0,,,2.0,6.0,6.0,6.0,10.0,1.0,6.0,1.0,4.0,46.0,,,1.0,7.0,4.0,,7.0,Dec-07,12.0,2007,2007-12-01
,1.0,1.0,1.0,,,,2.0,1.0,47.0,3.0,20.0,7.0,20.0,18.0,,,,,9.0,,8.0,,3.0,,4.0,8.0,33.0,0.0,,,1.0,4.0,5.0,5.0,8.0,1.0,5.0,1.0,3.0,40.0,,1.0,,7.0,4.0,0.0,9.0,Jan-08,1.0,2008,2008-01-01
,1.0,1.0,,,,,3.0,1.0,50.0,3.0,16.0,8.0,18.0,17.0,,,,,12.0,,9.0,,3.0,,4.0,10.0,25.0,0.0,,,1.0,6.0,6.0,4.0,7.0,1.0,5.0,,3.0,44.0,,,,8.0,3.0,,6.0,Feb-08,2.0,2008,2008-02-01
,,1.0,,,,,3.0,1.0,40.0,3.0,17.0,7.0,23.0,17.0,,,,,10.0,,11.0,,4.0,,4.0,9.0,24.0,,,,2.0,4.0,6.0,6.0,10.0,1.0,7.0,1.0,4.0,44.0,,1.0,0.0,11.0,3.0,,6.0,Mar-08,3.0,2008,2008-03-01
,1.0,,,,,,4.0,1.0,35.0,4.0,20.0,8.0,33.0,14.0,,,,,13.0,,11.0,,3.0,,4.0,7.0,23.0,,,,1.0,4.0,6.0,6.0,7.0,1.0,7.0,1.0,3.0,42.0,,1.0,,11.0,2.0,,6.0,Apr-08,4.0,2008,2008-04-01
,1.0,1.0,,,,,2.0,1.0,41.0,3.0,13.0,6.0,34.0,13.0,,,,,15.0,,21.0,,2.0,,5.0,7.0,19.0,,,,1.0,4.0,7.0,9.0,8.0,1.0,8.0,1.0,4.0,37.0,,1.0,0.0,9.0,2.0,,6.0,May-08,5.0,2008,2008-05-01
,1.0,1.0,,,,,4.0,2.0,38.0,2.0,20.0,6.0,32.0,16.0,,1.0,,,12.0,,22.0,,2.0,,4.0,6.0,19.0,0.0,,,1.0,6.0,7.0,16.0,9.0,1.0,7.0,1.0,3.0,30.0,,,,9.0,2.0,,6.0,Jun-08,6.0,2008,2008-06-01
,1.0,,,,,,3.0,2.0,39.0,3.0,15.0,6.0,42.0,13.0,,,,,11.0,,23.0,,2.0,,3.0,6.0,16.0,,,,1.0,6.0,4.0,15.0,7.0,1.0,8.0,,2.0,26.0,,,,7.0,2.0,,9.0,Jul-08,7.0,2008,2008-07-01
,1.0,1.0,1.0,,,,3.0,1.0,47.0,2.0,15.0,7.0,41.0,12.0,0.0,,,,13.0,,26.0,,3.0,,4.0,9.0,15.0,,,,1.0,8.0,4.0,10.0,7.0,,6.0,,2.0,25.0,,1.0,,5.0,2.0,,7.0,Aug-08,8.0,2008,2008-08-01
,,,,,,,1.0,1.0,40.0,3.0,12.0,7.0,55.0,12.0,,,,,9.0,,22.0,,3.0,,4.0,7.0,17.0,0.0,,,1.0,5.0,5.0,8.0,8.0,1.0,7.0,1.0,3.0,27.0,,1.0,,6.0,1.0,,11.0,Sep-08,9.0,2008,2008-09-01
,,,,,,,1.0,1.0,33.0,3.0,10.0,6.0,58.0,12.0,,,,,7.0,,21.0,,2.0,,4.0,7.0,18.0,,,,0.0,6.0,4.0,4.0,6.0,2.0,8.0,1.0,3.0,27.0,,,0.0,3.0,2.0,,14.0,Oct-08,10.0,2008,2008-10-01
,,,0.0,,,,2.0,,38.0,4.0,13.0,5.0,62.0,9.0,0.0,,,,8.0,,18.0,,2.0,,3.0,8.0,13.0,,,,1.0,6.0,4.0,3.0,7.0,2.0,6.0,,2.0,22.0,,,,3.0,2.0,,15.0,Nov-08,11.0,2008,2008-11-01
,,1.0,0.0,,,,1.0,1.0,35.0,2.0,13.0,6.0,66.0,10.0,0.0,,,,7.0,,17.0,,2.0,,3.0,7.0,12.0,0.0,,,1.0,7.0,4.0,2.0,6.0,3.0,8.0,,1.0,22.0,,,,2.0,2.0,,15.0,Dec-08,12.0,2008,2008-12-01
,,,,,,,1.0,1.0,34.0,2.0,11.0,5.0,70.0,10.0,,,,1.0,6.0,,13.0,,2.0,,2.0,7.0,14.0,0.0,,2.0,1.0,6.0,3.0,2.0,6.0,3.0,5.0,1.0,3.0,21.0,,,,2.0,2.0,,24.0,Jan-09,1.0,2009,2009-01-01
,,,,,,,1.0,,32.0,2.0,10.0,4.0,67.0,11.0,,0.0,,,8.0,,12.0,,3.0,,2.0,9.0,12.0,0.0,,1.0,1.0,7.0,3.0,1.0,7.0,2.0,5.0,1.0,3.0,25.0,,1.0,0.0,2.0,2.0,,23.0,Feb-09,2.0,2009,2009-02-01
,,,1.0,,,,1.0,1.0,28.0,2.0,9.0,5.0,65.0,13.0,,,,,6.0,,13.0,,2.0,,3.0,8.0,15.0,0.0,,2.0,1.0,8.0,4.0,2.0,8.0,1.0,8.0,,3.0,29.0,,,,3.0,1.0,,23.0,Apr-09,4.0,2009,2009-04-01
,,1.0,1.0,,,,5.0,,30.0,4.0,7.0,5.0,59.0,12.0,,,,,8.0,,10.0,,4.0,,3.0,14.0,13.0,,,2.0,1.0,3.0,3.0,1.0,8.0,2.0,6.0,,4.0,30.0,,1.0,,3.0,2.0,,20.0,May-09,5.0,2009,2009-05-01
,,,1.0,,,,4.0,2.0,28.0,11.0,10.0,10.0,54.0,13.0,1.0,,,,7.0,,12.0,,6.0,,3.0,11.0,17.0,,,3.0,2.0,3.0,4.0,3.0,9.0,1.0,7.0,1.0,5.0,25.0,,1.0,0.0,4.0,3.0,,25.0,Jun-09,6.0,2009,2009-06-01
,,,6.0,,,,2.0,,24.0,2.0,20.0,4.0,55.0,11.0,0.0,0.0,,0.0,7.0,,8.0,,2.0,,4.0,6.0,20.0,0.0,,1.0,,6.0,4.0,2.0,8.0,1.0,6.0,,2.0,27.0,,1.0,0.0,3.0,1.0,,25.0,Jul-09,7.0,2009,2009-07-01
,,,4.0,,,,2.0,1.0,32.0,3.0,17.0,7.0,54.0,12.0,,,,0.0,5.0,,9.0,,2.0,,1.0,10.0,16.0,0.0,,1.0,,8.0,3.0,1.0,5.0,1.0,6.0,,3.0,25.0,,,,2.0,1.0,,30.0,Aug-09,8.0,2009,2009-08-01
,,,1.0,,,,3.0,,26.0,4.0,15.0,4.0,52.0,14.0,0.0,,,,5.0,,10.0,,3.0,,4.0,9.0,16.0,,,2.0,1.0,8.0,6.0,2.0,9.0,1.0,6.0,,2.0,24.0,,,,2.0,1.0,,22.0,Oct-09,10.0,2009,2009-10-01
,0.0,,1.0,,,,3.0,1.0,24.0,2.0,25.0,3.0,49.0,12.0,,,,0.0,5.0,,9.0,,2.0,,3.0,11.0,20.0,,,1.0,1.0,6.0,5.0,2.0,8.0,1.0,7.0,1.0,4.0,33.0,,,,3.0,2.0,,27.0,Nov-09,11.0,2009,2009-11-01
,,,,,,,2.0,1.0,25.0,2.0,19.0,4.0,48.0,14.0,,,,,5.0,,8.0,,3.0,,5.0,9.0,17.0,0.0,,2.0,1.0,7.0,5.0,2.0,7.0,1.0,8.0,,4.0,29.0,,1.0,0.0,4.0,2.0,,20.0,Feb-10,2.0,2010,2010-02-01
,,,,,,,4.0,1.0,25.0,13.0,14.0,8.0,55.0,19.0,,,,,5.0,,8.0,,4.0,,5.0,8.0,20.0,,,1.0,1.0,5.0,7.0,4.0,6.0,2.0,7.0,1.0,4.0,33.0,,0.0,,5.0,3.0,,21.0,Mar-10,3.0,2010,2010-03-01
,,,,,,,3.0,1.0,25.0,10.0,11.0,7.0,55.0,21.0,,,,,5.0,,11.0,,4.0,,4.0,8.0,24.0,,,1.0,1.0,5.0,7.0,7.0,5.0,2.0,6.0,,4.0,29.0,,,,6.0,3.0,,24.0,Apr-10,4.0,2010,2010-04-01
,1.0,1.0,,,,,6.0,1.0,20.0,11.0,11.0,5.0,71.0,23.0,,,,,5.0,,9.0,,4.0,,5.0,6.0,22.0,,,1.0,2.0,4.0,10.0,6.0,5.0,3.0,6.0,1.0,5.0,38.0,,1.0,,7.0,3.0,,22.0,May-10,5.0,2010,2010-05-01
,,1.0,1.0,,,,2.0,1.0,26.0,12.0,12.0,7.0,65.0,16.0,,,,,6.0,,8.0,,3.0,,5.0,4.0,19.0,,,1.0,1.0,6.0,5.0,4.0,5.0,2.0,6.0,1.0,3.0,29.0,,1.0,0.0,5.0,2.0,,21.0,Jun-10,6.0,2010,2010-06-01
,,,,,,,2.0,1.0,24.0,8.0,15.0,7.0,63.0,17.0,,,,,6.0,,10.0,,3.0,,5.0,6.0,16.0,,,2.0,1.0,5.0,3.0,3.0,5.0,1.0,9.0,,3.0,28.0,,,,4.0,1.0,,26.0,Jul-10,7.0,2010,2010-07-01
,,1.0,,,,,1.0,1.0,19.0,12.0,17.0,5.0,61.0,18.0,,,,,6.0,,12.0,,4.0,,4.0,6.0,18.0,,,2.0,1.0,4.0,10.0,3.0,6.0,2.0,7.0,1.0,5.0,30.0,,,1.0,4.0,2.0,,24.0,Aug-10,8.0,2010,2010-08-01
,,1.0,,,,,2.0,1.0,24.0,11.0,12.0,5.0,57.0,18.0,,,,,7.0,,13.0,,3.0,,5.0,6.0,19.0,,,2.0,1.0,5.0,9.0,4.0,4.0,,8.0,1.0,5.0,31.0,,,,5.0,1.0,,26.0,Sep-10,9.0,2010,2010-09-01
,,1.0,,,,,2.0,1.0,23.0,11.0,16.0,6.0,59.0,18.0,1.0,,,,5.0,,11.0,,4.0,,5.0,7.0,21.0,1.0,,2.0,1.0,4.0,10.0,3.0,6.0,2.0,8.0,1.0,6.0,27.0,,,,5.0,2.0,,29.0,Oct-10,10.0,2010,2010-10-01
,1.0,1.0,,,,,4.0,1.0,23.0,10.0,17.0,4.0,54.0,15.0,,1.0,,,8.0,,11.0,,3.0,,5.0,6.0,18.0,0.0,,2.0,1.0,5.0,11.0,2.0,5.0,2.0,7.0,,6.0,27.0,,,,6.0,1.0,,28.0,Nov-10,11.0,2010,2010-11-01
,,,,,,,3.0,1.0,18.0,12.0,15.0,5.0,61.0,21.0,,,,,7.0,,12.0,,4.0,,6.0,6.0,18.0,,,2.0,1.0,4.0,9.0,4.0,4.0,2.0,9.0,1.0,6.0,25.0,,1.0,1.0,4.0,2.0,,27.0,Dec-10,12.0,2010,2010-12-01
,,,2.0,,,,4.0,,22.0,9.0,14.0,6.0,60.0,21.0,,0.0,,,6.0,,14.0,,4.0,,5.0,7.0,19.0,1.0,,1.0,2.0,6.0,7.0,8.0,7.0,2.0,8.0,1.0,6.0,26.0,,1.0,1.0,7.0,2.0,,27.0,Jan-11,1.0,2011,2011-01-01
,,1.0,1.0,,,,3.0,1.0,23.0,10.0,12.0,5.0,60.0,16.0,,0.0,,,6.0,,16.0,,3.0,,5.0,5.0,19.0,,,1.0,1.0,5.0,6.0,8.0,5.0,3.0,6.0,1.0,6.0,25.0,,,,6.0,2.0,,28.0,Feb-11,2.0,2011,2011-02-01
4.0,,,1.0,,,,4.0,1.0,18.0,9.0,16.0,4.0,54.0,17.0,,,,,6.0,,18.0,,4.0,,5.0,6.0,19.0,,,2.0,1.0,6.0,6.0,15.0,4.0,2.0,8.0,2.0,5.0,26.0,,1.0,1.0,7.0,3.0,,25.0,Mar-11,3.0,2011,2011-03-01
4.0,,1.0,,,,,2.0,2.0,22.0,10.0,22.0,4.0,62.0,14.0,,,,,5.0,,16.0,,3.0,,5.0,5.0,20.0,0.0,,2.0,2.0,4.0,9.0,9.0,4.0,1.0,7.0,2.0,6.0,17.0,,,,6.0,3.0,,24.0,Apr-11,4.0,2011,2011-04-01
3.0,,1.0,,,,,3.0,2.0,17.0,10.0,18.0,3.0,55.0,20.0,,,,,8.0,,11.0,,2.0,,4.0,6.0,26.0,,,1.0,2.0,4.0,7.0,11.0,3.0,2.0,6.0,1.0,6.0,26.0,,1.0,,4.0,3.0,,27.0,May-11,5.0,2011,2011-05-01
6.0,,,,,,,3.0,1.0,22.0,11.0,15.0,4.0,51.0,14.0,,,,,8.0,,14.0,,3.0,,6.0,6.0,26.0,,,1.0,1.0,3.0,8.0,7.0,5.0,2.0,7.0,1.0,5.0,31.0,,1.0,,4.0,2.0,,28.0,Jun-11,6.0,2011,2011-06-01
8.0,1.0,1.0,,,,,4.0,1.0,17.0,11.0,13.0,3.0,57.0,15.0,,,,,5.0,,15.0,,1.0,,5.0,6.0,19.0,,,1.0,1.0,4.0,10.0,7.0,5.0,1.0,8.0,1.0,5.0,27.0,,,1.0,4.0,1.0,,29.0,Jul-11,7.0,2011,2011-07-01
5.0,,1.0,,,,,4.0,1.0,31.0,11.0,11.0,5.0,61.0,16.0,,,,,6.0,,15.0,,3.0,,3.0,6.0,17.0,,,1.0,,5.0,9.0,5.0,3.0,2.0,8.0,1.0,4.0,23.0,,,,3.0,2.0,,26.0,Aug-11,8.0,2011,2011-08-01
5.0,,1.0,,,,,3.0,1.0,29.0,12.0,13.0,7.0,59.0,16.0,,,,,9.0,,13.0,,2.0,,7.0,11.0,17.0,0.0,,1.0,1.0,5.0,8.0,6.0,4.0,1.0,9.0,1.0,6.0,21.0,,1.0,,4.0,2.0,,30.0,Sep-11,9.0,2011,2011-09-01
3.0,,1.0,,,,,4.0,1.0,24.0,11.0,10.0,5.0,68.0,16.0,,,,,6.0,,12.0,,3.0,,4.0,5.0,21.0,1.0,,1.0,1.0,3.0,7.0,5.0,3.0,2.0,9.0,1.0,5.0,24.0,,1.0,1.0,3.0,2.0,,30.0,Oct-11,10.0,2011,2011-10-01
5.0,,1.0,,,,,8.0,2.0,23.0,11.0,9.0,6.0,62.0,15.0,,,,,6.0,,15.0,,2.0,,4.0,7.0,16.0,,,1.0,1.0,4.0,8.0,9.0,4.0,2.0,8.0,,3.0,23.0,,,,4.0,2.0,,32.0,Nov-11,11.0,2011,2011-11-01
4.0,,1.0,,,,,7.0,2.0,19.0,10.0,8.0,5.0,66.0,15.0,,,,,7.0,,15.0,,2.0,,6.0,7.0,17.0,0.0,,1.0,1.0,3.0,10.0,8.0,4.0,2.0,10.0,1.0,5.0,22.0,,1.0,1.0,4.0,3.0,,33.0,Dec-11,12.0,2011,2011-12-01
5.0,,,,,,,9.0,2.0,21.0,12.0,7.0,5.0,61.0,13.0,,,,,8.0,,12.0,,3.0,,6.0,7.0,17.0,,,2.0,1.0,4.0,7.0,6.0,3.0,1.0,10.0,1.0,3.0,20.0,,1.0,1.0,3.0,3.0,,33.0,Jan-12,1.0,2012,2012-01-01
4.0,,1.0,,,,,7.0,1.0,20.0,12.0,9.0,4.0,64.0,13.0,,,,,6.0,,12.0,,2.0,,6.0,6.0,22.0,,,1.0,1.0,4.0,8.0,6.0,2.0,1.0,7.0,,4.0,24.0,,2.0,,2.0,2.0,,38.0,Feb-12,2.0,2012,2012-02-01
4.0,,1.0,,,,,5.0,1.0,18.0,11.0,9.0,4.0,57.0,13.0,,,,,6.0,,12.0,,2.0,,5.0,7.0,22.0,,,2.0,1.0,5.0,7.0,13.0,3.0,2.0,8.0,1.0,3.0,23.0,,2.0,,3.0,4.0,,36.0,Mar-12,3.0,2012,2012-03-01
6.0,1.0,2.0,,,,,4.0,1.0,20.0,11.0,9.0,6.0,55.0,15.0,,,,,8.0,,18.0,,3.0,,7.0,6.0,20.0,,,2.0,1.0,6.0,8.0,15.0,3.0,1.0,10.0,2.0,4.0,21.0,,1.0,,5.0,3.0,,40.0,Apr-12,4.0,2012,2012-04-01
7.0,1.0,1.0,,,,,6.0,1.0,15.0,11.0,6.0,3.0,61.0,13.0,,,,,6.0,,19.0,,3.0,,8.0,8.0,16.0,,,2.0,1.0,4.0,9.0,8.0,3.0,2.0,9.0,1.0,3.0,20.0,,1.0,1.0,4.0,4.0,,34.0,May-12,5.0,2012,2012-05-01
4.0,1.0,,,,,,8.0,1.0,14.0,10.0,7.0,3.0,58.0,11.0,,,,,7.0,,15.0,,3.0,,6.0,7.0,16.0,,,2.0,,4.0,7.0,4.0,3.0,2.0,10.0,2.0,4.0,19.0,,1.0,1.0,3.0,4.0,,37.0,Jun-12,6.0,2012,2012-06-01
6.0,,1.0,0.0,,,,5.0,1.0,18.0,12.0,9.0,4.0,59.0,14.0,,,,,7.0,,14.0,,3.0,,7.0,8.0,22.0,,,2.0,1.0,5.0,10.0,6.0,4.0,2.0,11.0,2.0,4.0,26.0,,1.0,1.0,5.0,4.0,,34.0,Jul-12,7.0,2012,2012-07-01
6.0,,,,,,,5.0,1.0,14.0,14.0,7.0,4.0,61.0,11.0,,,,,8.0,,15.0,,4.0,,5.0,9.0,18.0,0.0,,2.0,1.0,4.0,8.0,4.0,3.0,2.0,10.0,1.0,6.0,23.0,,1.0,,4.0,5.0,,35.0,Aug-12,8.0,2012,2012-08-01
6.0,,1.0,,,,,3.0,1.0,17.0,12.0,5.0,5.0,54.0,13.0,1.0,,,,11.0,,17.0,,5.0,,8.0,8.0,20.0,0.0,,2.0,,3.0,8.0,7.0,2.0,1.0,12.0,2.0,5.0,20.0,,1.0,,4.0,5.0,,34.0,Sept-12,9.0,2012,2012-09-01
9.0,,1.0,,,,,5.0,3.0,18.0,11.0,6.0,5.0,52.0,10.0,1.0,,,,10.0,,17.0,,4.0,,8.0,6.0,19.0,,,2.0,1.0,2.0,9.0,6.0,6.0,2.0,11.0,1.0,5.0,21.0,,1.0,1.0,2.0,4.0,,32.0,Oct-12,10.0,2012,2012-10-01
6.0,,1.0,,,,,6.0,2.0,17.0,13.0,6.0,3.0,55.0,14.0,,,,,10.0,,16.0,,4.0,,8.0,7.0,20.0,0.0,,1.0,,5.0,9.0,5.0,5.0,1.0,13.0,1.0,4.0,19.0,,1.0,,2.0,4.0,,33.0,Nov-12,11.0,2012,2012-11-01
6.0,,1.0,,,,,6.0,1.0,19.0,12.0,5.0,3.0,55.0,11.0,,,,,11.0,,17.0,,3.0,,7.0,7.0,15.0,,,2.0,1.0,6.0,8.0,5.0,4.0,1.0,13.0,1.0,5.0,22.0,,1.0,,4.0,2.0,,30.0,Dec-12,12.0,2012,2012-12-01
8.0,,1.0,,,,,6.0,2.0,18.0,13.0,4.0,5.0,52.0,12.0,,,,,9.0,,14.0,,3.0,,7.0,7.0,21.0,,,1.0,1.0,4.0,10.0,4.0,5.0,1.0,11.0,1.0,5.0,22.0,,1.0,,2.0,2.0,,29.0,Jan-13,1.0,2013,2013-01-01
4.0,1.0,1.0,,,,,9.0,1.0,14.0,13.0,9.0,4.0,52.0,14.0,,,,,11.0,,13.0,,3.0,,8.0,7.0,19.0,,,1.0,1.0,4.0,11.0,4.0,4.0,1.0,14.0,1.0,5.0,26.0,,1.0,,4.0,3.0,,27.0,Feb-13,2.0,2013,2013-02-01
7.0,1.0,1.0,,,,,7.0,1.0,15.0,9.0,5.0,4.0,52.0,13.0,,,,,9.0,,14.0,,2.0,,6.0,7.0,27.0,,,2.0,1.0,8.0,10.0,7.0,3.0,1.0,11.0,1.0,6.0,29.0,,1.0,,6.0,3.0,,28.0,Mar-13,3.0,2013,2013-03-01
8.0,,1.0,,,,,7.0,1.0,15.0,12.0,7.0,5.0,49.0,12.0,1.0,,,,12.0,,13.0,,3.0,,7.0,6.0,23.0,,,2.0,1.0,6.0,12.0,5.0,4.0,1.0,14.0,3.0,6.0,31.0,,1.0,1.0,5.0,3.0,,33.0,Apr-13,4.0,2013,2013-04-01
8.0,,1.0,,,,,9.0,1.0,11.0,12.0,6.0,5.0,49.0,13.0,,,,,10.0,,10.0,,2.0,,7.0,6.0,24.0,,,2.0,1.0,8.0,13.0,6.0,4.0,1.0,11.0,2.0,6.0,34.0,,2.0,,6.0,,,32.0,May-13,5.0,2013,2013-05-01
8.0,1.0,2.0,,,,,7.0,2.0,19.0,10.0,11.0,8.0,50.0,15.0,1.0,,,,9.0,,12.0,,5.0,,9.0,9.0,26.0,0.0,,3.0,2.0,10.0,14.0,7.0,5.0,2.0,15.0,1.0,7.0,35.0,,2.0,,7.0,4.0,,32.0,Jun-13,6.0,2013,2013-06-01
7.0,,1.0,1.0,,,,6.0,2.0,16.0,11.0,9.0,5.0,51.0,14.0,,,,,7.0,,11.0,,3.0,,8.0,8.0,26.0,0.0,,3.0,1.0,7.0,12.0,7.0,5.0,2.0,9.0,2.0,4.0,34.0,,2.0,1.0,7.0,1.0,,34.0,Jul-13,7.0,2013,2013-07-01
8.0,,1.0,,,,,7.0,2.0,16.0,14.0,8.0,7.0,43.0,15.0,,,,,14.0,,12.0,,2.0,,9.0,6.0,29.0,,,2.0,1.0,8.0,13.0,7.0,4.0,1.0,14.0,2.0,6.0,38.0,,2.0,,6.0,3.0,,33.0,Aug-13,8.0,2013,2013-08-01
7.0,,2.0,1.0,,,,5.0,2.0,16.0,9.0,21.0,8.0,45.0,13.0,,,,,10.0,,11.0,,3.0,,8.0,8.0,23.0,0.0,,2.0,2.0,7.0,9.0,5.0,4.0,,13.0,2.0,4.0,32.0,,1.0,,6.0,3.0,,33.0,Sept-13,9.0,2013,2013-09-01
8.0,1.0,2.0,,,,,7.0,2.0,14.0,9.0,8.0,6.0,44.0,18.0,1.0,,,,10.0,,19.0,,2.0,,9.0,5.0,25.0,0.0,,2.0,1.0,7.0,11.0,10.0,5.0,1.0,15.0,5.0,4.0,36.0,,2.0,1.0,4.0,3.0,,32.0,Oct-13,10.0,2013,2013-10-01
8.0,1.0,1.0,0.0,,,,7.0,1.0,13.0,11.0,5.0,5.0,40.0,16.0,1.0,,,,9.0,,17.0,,3.0,,10.0,8.0,24.0,,,2.0,1.0,8.0,11.0,7.0,5.0,1.0,16.0,3.0,5.0,35.0,,1.0,1.0,4.0,3.0,,33.0,Nov-13,11.0,2013,2013-11-01
7.0,0.0,1.0,,,,,6.0,1.0,15.0,10.0,4.0,5.0,39.0,12.0,,,,,13.0,,17.0,,3.0,,12.0,5.0,22.0,,,2.0,1.0,9.0,10.0,6.0,7.0,1.0,14.0,3.0,5.0,37.0,,3.0,,5.0,4.0,,29.0,Dec-13,12.0,2013,2013-12-01
8.0,,2.0,,,,,7.0,2.0,16.0,10.0,7.0,6.0,41.0,15.0,,,,,11.0,,15.0,,3.0,,9.0,9.0,27.0,,,2.0,1.0,7.0,16.0,6.0,7.0,1.0,16.0,2.0,6.0,41.0,,2.0,1.0,7.0,5.0,,32.0,Jan-14,1.0,2014,2014-01-01
9.0,1.0,2.0,,,,,6.0,3.0,16.0,13.0,8.0,7.0,39.0,17.0,1.0,,,,12.0,,13.0,,3.0,,11.0,7.0,23.0,,,2.0,2.0,6.0,12.0,6.0,10.0,2.0,15.0,3.0,6.0,34.0,,5.0,1.0,7.0,4.0,,29.0,Feb-14,2.0,2014,2014-02-01
7.0,,1.0,,,,,8.0,1.0,12.0,14.0,11.0,6.0,36.0,15.0,,,,,11.0,,12.0,,2.0,,7.0,7.0,24.0,1.0,,2.0,1.0,4.0,12.0,4.0,7.0,,16.0,2.0,6.0,35.0,,5.0,,5.0,,,26.0,Mar-14,3.0,2014,2014-03-01
7.0,,1.0,,,,,9.0,2.0,14.0,11.0,9.0,7.0,36.0,15.0,,,,,14.0,,15.0,,3.0,,10.0,6.0,25.0,,,2.0,1.0,6.0,10.0,6.0,8.0,,15.0,2.0,5.0,34.0,,5.0,,6.0,4.0,,31.0,Apr-14,4.0,2014,2014-04-01
9.0,,1.0,,,,,8.0,1.0,16.0,11.0,8.0,6.0,36.0,17.0,1.0,,,,14.0,,14.0,,4.0,,11.0,9.0,27.0,,,2.0,1.0,7.0,12.0,6.0,8.0,1.0,15.0,2.0,7.0,34.0,,4.0,1.0,7.0,1.0,,32.0,May-14,5.0,2014,2014-05-01
10.0,1.0,1.0,,,,,12.0,1.0,11.0,12.0,7.0,6.0,33.0,15.0,,,,,14.0,,11.0,,2.0,,8.0,7.0,24.0,0.0,,2.0,1.0,5.0,11.0,6.0,7.0,1.0,16.0,2.0,6.0,39.0,,4.0,1.0,6.0,4.0,,28.0,Jun-14,6.0,2014,2014-06-01
9.0,,2.0,,,,,9.0,1.0,15.0,11.0,12.0,6.0,32.0,13.0,,,,,15.0,,11.0,,3.0,,10.0,8.0,27.0,,,2.0,1.0,7.0,11.0,4.0,7.0,1.0,18.0,2.0,6.0,36.0,,5.0,1.0,5.0,4.0,,25.0,Jul-14,7.0,2014,2014-07-01
9.0,1.0,2.0,1.0,,,,7.0,1.0,14.0,15.0,14.0,8.0,32.0,14.0,1.0,,,,13.0,,11.0,,4.0,,11.0,7.0,25.0,,,2.0,2.0,5.0,13.0,5.0,6.0,1.0,13.0,2.0,5.0,38.0,,4.0,1.0,1.0,4.0,,26.0,Aug-14,8.0,2014,2014-08-01
7.0,1.0,1.0,,,,,8.0,1.0,14.0,13.0,23.0,7.0,30.0,16.0,,,,,15.0,,11.0,,4.0,,11.0,7.0,25.0,,,2.0,2.0,5.0,8.0,3.0,6.0,,13.0,2.0,5.0,39.0,,7.0,,4.0,4.0,,21.0,Sept-14,9.0,2014,2014-09-01
8.0,1.0,1.0,5.0,,,,9.0,1.0,14.0,13.0,21.0,6.0,30.0,12.0,1.0,,,,10.0,,7.0,,4.0,,11.0,7.0,34.0,,,3.0,2.0,5.0,11.0,2.0,6.0,,14.0,1.0,5.0,45.0,,2.0,2.0,5.0,5.0,,24.0,Oct-14,10.0,2014,2014-10-01
10.0,,1.0,2.0,,,,12.0,3.0,13.0,15.0,16.0,7.0,33.0,13.0,,,,,10.0,,9.0,,3.0,,11.0,6.0,30.0,,,2.0,2.0,5.0,10.0,3.0,7.0,1.0,15.0,3.0,6.0,42.0,,2.0,1.0,6.0,4.0,,22.0,Nov-14,11.0,2014,2014-11-01
7.0,1.0,2.0,3.0,,,,11.0,2.0,12.0,14.0,10.0,8.0,33.0,13.0,1.0,,,,11.0,,9.0,,2.0,,11.0,5.0,33.0,,,2.0,1.0,7.0,12.0,4.0,5.0,1.0,17.0,2.0,5.0,47.0,,3.0,1.0,8.0,6.0,,22.0,Dec-14,12.0,2014,2014-12-01
8.0,,1.0,,,,,9.0,1.0,12.0,14.0,14.0,3.0,33.0,14.0,,,,,10.0,34.0,5.0,,2.0,,9.0,5.0,45.0,0.0,,1.0,1.0,8.0,9.0,2.0,6.0,,16.0,2.0,5.0,4.0,,2.0,,5.0,4.0,,22.0,Jan-15,1.0,2015,2015-01-01
10.0,1.0,2.0,,,,,8.0,1.0,11.0,13.0,15.0,5.0,30.0,16.0,1.0,,,,13.0,34.0,7.0,,4.0,,12.0,5.0,41.0,,,2.0,2.0,7.0,10.0,1.0,5.0,1.0,18.0,3.0,6.0,4.0,,2.0,1.0,8.0,3.0,,20.0,Feb-15,2.0,2015,2015-02-01
8.0,,1.0,,,,,7.0,1.0,12.0,11.0,16.0,7.0,28.0,20.0,,,,,14.0,45.0,6.0,,2.0,,12.0,6.0,38.0,,,1.0,1.0,7.0,13.0,3.0,5.0,1.0,16.0,3.0,6.0,5.0,,2.0,,7.0,5.0,,21.0,Mar-15,3.0,2015,2015-03-01
7.0,,1.0,,,,,7.0,2.0,10.0,11.0,13.0,6.0,36.0,22.0,,,,,15.0,36.0,8.0,,2.0,,13.0,4.0,47.0,0.0,,2.0,2.0,6.0,11.0,2.0,5.0,1.0,12.0,3.0,7.0,4.0,,2.0,1.0,7.0,4.0,,18.0,Apr-15,4.0,2015,2015-04-01
7.0,1.0,1.0,,,,,9.0,,10.0,8.0,8.0,4.0,36.0,21.0,,,,,16.0,40.0,7.0,,3.0,,11.0,4.0,44.0,,,1.0,2.0,4.0,11.0,2.0,6.0,1.0,17.0,2.0,5.0,3.0,,3.0,,8.0,4.0,,19.0,May-15,5.0,2015,2015-05-01
8.0,,1.0,,,,,13.0,1.0,9.0,14.0,10.0,6.0,26.0,16.0,,,,,13.0,45.0,5.0,,3.0,,10.0,6.0,40.0,,,2.0,2.0,7.0,11.0,2.0,4.0,1.0,16.0,2.0,6.0,3.0,,4.0,1.0,5.0,3.0,,18.0,Jun-15,6.0,2015,2015-06-01
9.0,,1.0,1.0,,,,11.0,2.0,11.0,13.0,22.0,4.0,27.0,14.0,,,,,14.0,42.0,6.0,,3.0,,13.0,5.0,32.0,,,1.0,1.0,6.0,13.0,2.0,6.0,,17.0,2.0,5.0,,,2.0,1.0,6.0,5.0,,16.0,Jul-15,7.0,2015,2015-07-01
9.0,,3.0,,,,,8.0,1.0,13.0,8.0,13.0,7.0,27.0,17.0,,,,,16.0,50.0,7.0,,3.0,,12.0,4.0,37.0,,,3.0,3.0,6.0,12.0,2.0,6.0,1.0,17.0,2.0,8.0,5.0,,3.0,1.0,8.0,4.0,,17.0,Aug-15,8.0,2015,2015-08-01
8.0,,1.0,,,,,8.0,2.0,11.0,11.0,12.0,5.0,25.0,14.0,,,,,15.0,56.0,5.0,,2.0,,14.0,5.0,36.0,,,2.0,2.0,5.0,10.0,2.0,5.0,,15.0,3.0,6.0,5.0,,3.0,2.0,7.0,3.0,,17.0,Sep-15,9.0,2015,2015-09-01
7.0,,1.0,,,,,10.0,1.0,14.0,10.0,14.0,4.0,26.0,12.0,,,,,20.0,52.0,6.0,,2.0,,12.0,4.0,37.0,,,1.0,2.0,5.0,8.0,1.0,5.0,1.0,17.0,1.0,5.0,4.0,,1.0,1.0,6.0,1.0,,19.0,Oct-15,10.0,2015,2015-10-01
11.0,1.0,1.0,,,,,11.0,2.0,14.0,12.0,13.0,6.0,27.0,14.0,,,,,21.0,49.0,8.0,,3.0,,15.0,5.0,34.0,0.0,,2.0,2.0,5.0,12.0,3.0,7.0,1.0,18.0,2.0,6.0,4.0,,3.0,2.0,8.0,4.0,,17.0,Nov-15,11.0,2015,2015-11-01
10.0,,1.0,,,,,5.0,2.0,9.0,13.0,42.0,5.0,26.0,16.0,1.0,,,,16.0,40.0,5.0,,3.0,,11.0,6.0,34.0,,,3.0,3.0,5.0,9.0,2.0,7.0,1.0,16.0,2.0,7.0,5.0,,1.0,1.0,5.0,3.0,,14.0,Dec-15,12.0,2015,2015-12-01
9.0,,1.0,,,,,16.0,2.0,10.0,11.0,23.0,5.0,26.0,17.0,,,,,17.0,46.0,8.0,,3.0,,12.0,5.0,38.0,,,2.0,2.0,6.0,10.0,2.0,10.0,1.0,17.0,2.0,6.0,4.0,,1.0,1.0,5.0,5.0,,15.0,Jan-16,1.0,2016,2016-01-01
10.0,,1.0,,,,,20.0,1.0,11.0,13.0,15.0,5.0,23.0,16.0,1.0,,,,17.0,44.0,5.0,,2.0,,9.0,5.0,38.0,0.0,,2.0,2.0,5.0,10.0,1.0,7.0,1.0,14.0,2.0,7.0,3.0,,2.0,1.0,6.0,3.0,,16.0,Feb-16,2.0,2016,2016-02-01
8.0,0.0,1.0,,,,,23.0,1.0,8.0,14.0,14.0,5.0,25.0,16.0,,,,,15.0,46.0,5.0,,3.0,,8.0,3.0,34.0,,,2.0,1.0,8.0,10.0,1.0,6.0,1.0,15.0,3.0,5.0,2.0,,2.0,1.0,6.0,4.0,,15.0,Mar-16,3.0,2016,2016-03-01
10.0,,1.0,,,,,30.0,2.0,11.0,13.0,17.0,6.0,22.0,18.0,,,,,16.0,41.0,4.0,,3.0,,10.0,5.0,39.0,,,2.0,3.0,6.0,10.0,3.0,6.0,1.0,17.0,3.0,7.0,4.0,,3.0,1.0,7.0,4.0,,18.0,Apr-16,4.0,2016,2016-04-01
8.0,,1.0,1.0,,,,28.0,1.0,8.0,15.0,17.0,6.0,23.0,18.0,,,,,16.0,38.0,5.0,,2.0,,6.0,6.0,33.0,,,3.0,1.0,7.0,7.0,2.0,6.0,1.0,14.0,2.0,4.0,3.0,,2.0,1.0,3.0,2.0,,15.0,May-16,5.0,2016,2016-05-01
8.0,,1.0,,,,,32.0,2.0,10.0,12.0,14.0,4.0,27.0,17.0,,,,,18.0,48.0,4.0,,2.0,,10.0,5.0,37.0,,,2.0,2.0,7.0,7.0,2.0,8.0,1.0,15.0,2.0,8.0,4.0,,1.0,1.0,5.0,4.0,,15.0,Jun-16,6.0,2016,2016-06-01
8.0,,1.0,,,,,40.0,2.0,9.0,10.0,10.0,5.0,34.0,18.0,,,,,16.0,38.0,9.0,,3.0,,9.0,7.0,38.0,,,3.0,2.0,9.0,8.0,3.0,6.0,4.0,15.0,2.0,8.0,7.0,,4.0,1.0,5.0,6.0,,17.0,Jul-16,7.0,2016,2016-07-01
7.0,,2.0,,,,,31.0,2.0,14.0,12.0,19.0,6.0,30.0,14.0,,,,,22.0,34.0,5.0,,2.0,,8.0,3.0,31.0,,,3.0,2.0,9.0,8.0,2.0,5.0,3.0,14.0,2.0,6.0,6.0,,2.0,1.0,2.0,3.0,,15.0,Aug-16,8.0,2016,2016-08-01
8.0,1.0,2.0,1.0,,,,35.0,2.0,13.0,13.0,11.0,4.0,25.0,19.0,,,,,15.0,39.0,6.0,,2.0,,7.0,6.0,40.0,1.0,,1.0,1.0,5.0,8.0,3.0,7.0,2.0,16.0,3.0,7.0,6.0,,2.0,1.0,6.0,5.0,,16.0,Sep-16,9.0,2016,2016-09-01
7.0,,1.0,,,,,32.0,2.0,12.0,12.0,11.0,5.0,27.0,19.0,,,,,18.0,36.0,6.0,,3.0,1.0,7.0,6.0,36.0,,,2.0,3.0,2.0,6.0,3.0,7.0,3.0,14.0,2.0,6.0,6.0,,2.0,2.0,4.0,4.0,,18.0,Oct-16,10.0,2016,2016-10-01
6.0,,1.0,,,,,39.0,2.0,11.0,13.0,13.0,4.0,26.0,17.0,,,,,18.0,35.0,7.0,,3.0,7.0,9.0,6.0,32.0,,,2.0,1.0,3.0,7.0,2.0,8.0,4.0,14.0,1.0,5.0,6.0,,2.0,1.0,3.0,4.0,,14.0,Nov-16,11.0,2016,2016-11-01
11.0,,1.0,,,,,36.0,1.0,13.0,11.0,12.0,6.0,25.0,18.0,,,,,19.0,36.0,8.0,,3.0,7.0,10.0,4.0,40.0,0.0,,2.0,2.0,5.0,8.0,2.0,8.0,4.0,20.0,3.0,7.0,7.0,,2.0,3.0,5.0,4.0,,13.0,Dec-16,12.0,2016,2016-12-01
11.0,,2.0,,,,,41.0,1.0,9.0,13.0,11.0,5.0,22.0,15.0,,,,,17.0,31.0,8.0,,2.0,6.0,7.0,4.0,49.0,1.0,,2.0,1.0,6.0,6.0,3.0,6.0,4.0,14.0,2.0,7.0,4.0,,2.0,1.0,4.0,5.0,,16.0,Jan-17,1.0,2017,2017-01-01
12.0,,2.0,,,,,45.0,2.0,9.0,13.0,14.0,5.0,19.0,15.0,1.0,,,,16.0,27.0,6.0,,3.0,8.0,6.0,4.0,52.0,0.0,,3.0,1.0,3.0,9.0,2.0,9.0,4.0,13.0,2.0,6.0,6.0,,2.0,1.0,4.0,4.0,,11.0,Feb-17,2.0,2017,2017-02-01
10.0,,1.0,,,,,51.0,1.0,8.0,14.0,8.0,5.0,19.0,19.0,,,,,16.0,26.0,5.0,,3.0,6.0,6.0,4.0,45.0,,,2.0,1.0,3.0,5.0,4.0,6.0,3.0,10.0,1.0,6.0,4.0,,5.0,1.0,4.0,4.0,,13.0,Mar-17,3.0,2017,2017-03-01
11.0,1.0,2.0,,,,,48.0,2.0,13.0,12.0,16.0,6.0,22.0,20.0,0.0,,,,16.0,29.0,8.0,,4.0,8.0,7.0,4.0,48.0,1.0,,2.0,1.0,4.0,8.0,3.0,8.0,3.0,14.0,3.0,8.0,5.0,,5.0,1.0,6.0,5.0,,14.0,Apr-17,4.0,2017,2017-04-01
12.0,,2.0,,,,,45.0,1.0,10.0,10.0,10.0,4.0,20.0,27.0,,,,,15.0,25.0,5.0,,2.0,4.0,7.0,4.0,61.0,,,2.0,3.0,4.0,9.0,1.0,9.0,1.0,15.0,2.0,9.0,3.0,,2.0,1.0,5.0,4.0,,12.0,May-17,5.0,2017,2017-05-01
18.0,1.0,2.0,1.0,,,,42.0,2.0,13.0,10.0,29.0,5.0,25.0,27.0,,,,,17.0,26.0,7.0,,5.0,10.0,9.0,5.0,54.0,1.0,,3.0,3.0,3.0,11.0,3.0,9.0,3.0,18.0,4.0,11.0,7.0,,2.0,1.0,7.0,4.0,,12.0,Jun-17,6.0,2017,2017-06-01
14.0,,2.0,,,,,41.0,3.0,14.0,9.0,19.0,6.0,25.0,25.0,,,,,19.0,28.0,7.0,,3.0,11.0,11.0,5.0,50.0,1.0,,4.0,5.0,5.0,10.0,3.0,10.0,4.0,17.0,4.0,12.0,8.0,,2.0,2.0,6.0,6.0,,14.0,Jul-17,7.0,2017,2017-07-01
12.0,1.0,2.0,,,,,44.0,3.0,13.0,14.0,15.0,6.0,22.0,23.0,,,,,16.0,26.0,9.0,,4.0,11.0,9.0,5.0,48.0,1.0,,3.0,3.0,5.0,8.0,3.0,12.0,4.0,15.0,4.0,9.0,5.0,,2.0,2.0,6.0,5.0,,12.0,Aug-17,8.0,2017,2017-08-01
12.0,1.0,2.0,1.0,,,,46.0,2.0,12.0,14.0,16.0,8.0,18.0,20.0,1.0,,,,16.0,26.0,6.0,,2.0,6.0,7.0,5.0,40.0,,,1.0,5.0,3.0,8.0,3.0,9.0,4.0,15.0,2.0,10.0,5.0,,1.0,2.0,4.0,4.0,,11.0,Sep-17,9.0,2017,2017-09-01
10.0,,1.0,,,,,49.0,2.0,15.0,13.0,18.0,5.0,19.0,21.0,,,,,18.0,25.0,9.0,,3.0,8.0,8.0,4.0,42.0,,,2.0,3.0,4.0,8.0,3.0,7.0,4.0,13.0,2.0,7.0,4.0,,1.0,2.0,5.0,3.0,,12.0,Oct-17,10.0,2017,2017-10-01
9.0,,2.0,,,,,46.0,2.0,14.0,14.0,16.0,6.0,21.0,21.0,,,,,19.0,24.0,9.0,,3.0,8.0,9.0,6.0,39.0,,,2.0,2.0,3.0,8.0,3.0,7.0,4.0,15.0,2.0,10.0,4.0,,1.0,,7.0,4.0,,11.0,Nov-17,11.0,2017,2017-11-01
12.0,,2.0,1.0,,,,51.0,3.0,12.0,9.0,13.0,5.0,20.0,22.0,,,,,21.0,21.0,7.0,,3.0,10.0,9.0,6.0,45.0,,,2.0,2.0,2.0,8.0,3.0,9.0,3.0,19.0,3.0,8.0,5.0,,2.0,1.0,4.0,5.0,,12.0,Dec-17,12.0,2017,2017-12-01
14.0,,3.0,,,,,46.0,2.0,14.0,12.0,12.0,6.0,17.0,19.0,,,,,20.0,20.0,6.0,,4.0,10.0,8.0,6.0,55.0,1.0,,2.0,2.0,3.0,9.0,2.0,10.0,3.0,19.0,3.0,10.0,5.0,,1.0,1.0,5.0,5.0,,10.0,Jan-18,1.0,2018,2018-01-01
13.0,,2.0,1.0,,,,52.0,2.0,14.0,11.0,12.0,8.0,19.0,22.0,1.0,,,,19.0,22.0,6.0,,4.0,10.0,11.0,6.0,54.0,1.0,,2.0,3.0,4.0,8.0,3.0,9.0,3.0,17.0,3.0,8.0,6.0,,1.0,1.0,4.0,5.0,,10.0,Feb-18,2.0,2018,2018-02-01
10.0,,2.0,1.0,,,,47.0,2.0,15.0,11.0,14.0,7.0,22.0,22.0,1.0,,,,22.0,20.0,9.0,,4.0,9.0,9.0,5.0,46.0,1.0,,2.0,3.0,4.0,8.0,2.0,10.0,2.0,17.0,3.0,11.0,6.0,,2.0,1.0,5.0,5.0,,13.0,Mar-18,3.0,2018,2018-03-01
10.0,,2.0,,,,,41.0,2.0,23.0,13.0,18.0,5.0,17.0,19.0,1.0,,,,17.0,19.0,6.0,,5.0,10.0,7.0,4.0,46.0,,,3.0,3.0,5.0,6.0,3.0,7.0,1.0,15.0,2.0,10.0,5.0,,1.0,1.0,4.0,4.0,,11.0,Apr-18,4.0,2018,2018-04-01
12.0,1.0,3.0,1.0,,,,42.0,1.0,23.0,12.0,11.0,8.0,19.0,18.0,,,,,18.0,21.0,7.0,,4.0,8.0,9.0,6.0,49.0,1.0,,3.0,2.0,6.0,5.0,5.0,9.0,2.0,16.0,2.0,8.0,7.0,,1.0,1.0,4.0,4.0,,10.0,May-18,5.0,2018,2018-05-01
10.0,1.0,3.0,,,,,46.0,5.0,20.0,17.0,14.0,7.0,17.0,19.0,1.0,,,,19.0,20.0,6.0,,4.0,9.0,10.0,5.0,44.0,1.0,,3.0,3.0,6.0,6.0,5.0,11.0,3.0,19.0,3.0,9.0,6.0,,2.0,1.0,5.0,7.0,,12.0,Jun-18,6.0,2018,2018-06-01
9.0,1.0,3.0,,,,,58.0,3.0,18.0,15.0,11.0,7.0,16.0,18.0,1.0,,,,17.0,19.0,6.0,,3.0,10.0,6.0,2.0,46.0,1.0,,2.0,2.0,5.0,6.0,3.0,10.0,2.0,14.0,3.0,8.0,5.0,,1.0,1.0,4.0,5.0,,9.0,Jul-18,7.0,2018,2018-07-01
10.0,,2.0,,,,,57.0,2.0,18.0,18.0,10.0,8.0,17.0,15.0,,,,,18.0,20.0,7.0,,4.0,12.0,7.0,5.0,40.0,,,3.0,1.0,5.0,5.0,6.0,11.0,3.0,14.0,3.0,9.0,4.0,,2.0,1.0,3.0,5.0,,8.0,Aug-18,8.0,2018,2018-08-01
10.0,0.0,2.0,,,,,59.0,2.0,18.0,14.0,11.0,9.0,17.0,16.0,,,,,16.0,21.0,7.0,,3.0,9.0,6.0,6.0,39.0,,,2.0,1.0,2.0,6.0,4.0,10.0,3.0,14.0,2.0,9.0,4.0,,1.0,1.0,5.0,5.0,,9.0,Sep-18,9.0,2018,2018-09-01
10.0,,3.0,1.0,,,,59.0,2.0,16.0,17.0,9.0,6.0,18.0,18.0,1.0,,,,16.0,17.0,6.0,,3.0,8.0,7.0,5.0,41.0,1.0,,2.0,2.0,5.0,7.0,3.0,13.0,2.0,16.0,2.0,8.0,6.0,,1.0,1.0,5.0,5.0,,10.0,Oct-18,10.0,2018,2018-10-01
9.0,,2.0,,,,,62.0,1.0,26.0,13.0,8.0,9.0,18.0,17.0,,,,,17.0,16.0,7.0,,3.0,7.0,7.0,4.0,38.0,1.0,,2.0,2.0,4.0,7.0,4.0,13.0,1.0,17.0,2.0,8.0,5.0,,2.0,1.0,6.0,4.0,,11.0,Nov-18,11.0,2018,2018-11-01
12.0,,2.0,,,,,67.0,2.0,20.0,14.0,9.0,7.0,17.0,17.0,,,,,19.0,16.0,5.0,,4.0,11.0,6.0,3.0,42.0,1.0,,2.0,1.0,5.0,8.0,3.0,13.0,1.0,21.0,1.0,10.0,6.0,,2.0,1.0,4.0,6.0,,7.0,Dec-18,12.0,2018,2018-12-01
9.0,,3.0,,,,,63.0,2.0,17.0,15.0,6.0,7.0,17.0,21.0,1.0,,,,19.0,19.0,6.0,,4.0,11.0,9.0,4.0,44.0,1.0,,1.0,2.0,5.0,9.0,4.0,12.0,2.0,20.0,3.0,9.0,4.0,,1.0,1.0,4.0,6.0,,10.0,Jan-19,1.0,2019,2019-01-01
10.0,,3.0,,,,,71.0,2.0,21.0,15.0,6.0,8.0,19.0,21.0,,,,,20.0,15.0,4.0,,4.0,14.0,7.0,6.0,41.0,1.0,,3.0,3.0,6.0,7.0,3.0,15.0,3.0,21.0,3.0,13.0,7.0,,2.0,,4.0,6.0,,8.0,Feb-19,2.0,2019,2019-02-01
9.0,,2.0,,,,,68.0,2.0,29.0,13.0,8.0,7.0,18.0,17.0,1.0,,,,18.0,21.0,5.0,,3.0,13.0,6.0,6.0,32.0,1.0,,2.0,1.0,6.0,7.0,3.0,13.0,3.0,17.0,2.0,11.0,6.0,,2.0,1.0,5.0,4.0,,8.0,Mar-19,3.0,2019,2019-03-01
9.0,,1.0,,,,,72.0,2.0,27.0,14.0,5.0,7.0,18.0,23.0,,,,,18.0,11.0,4.0,,4.0,14.0,8.0,5.0,37.0,1.0,,2.0,2.0,4.0,8.0,2.0,14.0,1.0,20.0,3.0,8.0,5.0,,1.0,1.0,4.0,4.0,,8.0,Apr-19,4.0,2019,2019-04-01
9.0,,3.0,,,,,66.0,3.0,24.0,14.0,7.0,9.0,17.0,21.0,,,,,19.0,13.0,5.0,,5.0,13.0,7.0,6.0,41.0,1.0,,1.0,2.0,4.0,6.0,3.0,20.0,2.0,20.0,3.0,9.0,6.0,,1.0,1.0,4.0,4.0,,10.0,May-19,5.0,2019,2019-05-01
10.0,,2.0,,,,,65.0,2.0,22.0,13.0,9.0,8.0,18.0,21.0,1.0,,,,16.0,14.0,6.0,,4.0,14.0,8.0,4.0,41.0,1.0,,3.0,2.0,7.0,6.0,3.0,20.0,2.0,18.0,2.0,9.0,5.0,,1.0,1.0,5.0,5.0,,11.0,Jun-19,6.0,2019,2019-06-01
9.0,,2.0,,,,,60.0,3.0,25.0,14.0,7.0,11.0,16.0,21.0,1.0,,,,18.0,14.0,7.0,,3.0,12.0,8.0,5.0,39.0,1.0,,4.0,2.0,6.0,8.0,4.0,19.0,2.0,18.0,2.0,11.0,5.0,,1.0,1.0,5.0,5.0,,10.0,Jul-19,7.0,2019,2019-07-01
9.0,,2.0,,,,,61.0,1.0,28.0,13.0,7.0,9.0,20.0,20.0,,,,,15.0,12.0,5.0,,3.0,12.0,7.0,4.0,41.0,2.0,,3.0,1.0,3.0,6.0,1.0,16.0,3.0,16.0,2.0,10.0,5.0,,2.0,1.0,6.0,4.0,,11.0,Aug-19,8.0,2019,2019-08-01
7.0,,2.0,,,,,65.0,1.0,22.0,16.0,4.0,8.0,15.0,21.0,,,,,15.0,10.0,4.0,,3.0,15.0,7.0,4.0,36.0,,,2.0,1.0,7.0,5.0,3.0,15.0,3.0,17.0,2.0,8.0,5.0,,1.0,1.0,4.0,4.0,,7.0,Sep-19,9.0,2019,2019-09-01
6.0,,1.0,1.0,,,,63.0,1.0,24.0,17.0,4.0,7.0,12.0,18.0,,,,,14.0,11.0,5.0,,2.0,11.0,7.0,4.0,36.0,1.0,,3.0,1.0,6.0,5.0,2.0,21.0,2.0,15.0,1.0,7.0,5.0,,1.0,1.0,3.0,4.0,,9.0,Oct-19,10.0,2019,2019-10-01
10.0,,2.0,,,,,57.0,1.0,18.0,12.0,5.0,7.0,19.0,21.0,1.0,,,,15.0,13.0,6.0,,3.0,12.0,8.0,3.0,54.0,1.0,,3.0,2.0,3.0,5.0,3.0,15.0,2.0,16.0,2.0,9.0,3.0,,1.0,1.0,3.0,5.0,,7.0,Nov-19,11.0,2019,2019-11-01
8.0,1.0,2.0,1.0,,,,52.0,1.0,19.0,11.0,5.0,6.0,18.0,20.0,,,,,17.0,14.0,4.0,,2.0,9.0,6.0,3.0,55.0,1.0,,3.0,1.0,6.0,6.0,2.0,18.0,2.0,21.0,3.0,14.0,4.0,,1.0,1.0,4.0,6.0,,9.0,Dec-19,12.0,2019,2019-12-01
10.0,1.0,2.0,,,,,47.0,2.0,20.0,17.0,7.0,8.0,13.0,18.0,,,,,14.0,16.0,5.0,,3.0,10.0,6.0,3.0,44.0,,,2.0,1.0,8.0,7.0,2.0,23.0,1.0,22.0,3.0,10.0,5.0,,2.0,1.0,6.0,6.0,,9.0,Jan-20,1.0,2020,2020-01-01
10.0,1.0,3.0,,,5.0,,39.0,1.0,19.0,11.0,6.0,8.0,17.0,16.0,,,,,14.0,12.0,3.0,,2.0,8.0,6.0,4.0,44.0,1.0,,2.0,1.0,7.0,4.0,2.0,25.0,2.0,19.0,2.0,8.0,5.0,,1.0,1.0,5.0,8.0,,8.0,Feb-20,2.0,2020,2020-02-01
2.0,0.0,,,,85.0,,26.0,,6.0,10.0,3.0,1.0,35.0,9.0,,,,,8.0,5.0,1.0,,1.0,5.0,3.0,3.0,28.0,,,1.0,0.0,11.0,4.0,,9.0,,12.0,,4.0,2.0,,1.0,,2.0,2.0,,10.0,Apr-20,4.0,2020,2020-04-01
1.0,0.0,,,,72.0,,32.0,,6.0,10.0,2.0,,42.0,13.0,,,,,5.0,6.0,1.0,,,3.0,2.0,1.0,21.0,0.0,,1.0,,8.0,1.0,0.0,10.0,0.0,13.0,1.0,3.0,24.0,,1.0,,1.0,1.0,,11.0,Jun-20,6.0,2020,2020-06-01
3.0,,,,,75.0,,30.0,1.0,4.0,12.0,4.0,,36.0,12.0,0.0,,,,7.0,9.0,1.0,,,3.0,2.0,1.0,21.0,,,0.0,1.0,8.0,2.0,,7.0,0.0,14.0,,2.0,9.0,,1.0,,2.0,1.0,,16.0,Jul-20,7.0,2020,2020-07-01
2.0,,,,,77.0,,51.0,1.0,5.0,7.0,2.0,,31.0,13.0,,,,,7.0,10.0,,,2.0,5.0,3.0,2.0,18.0,,,1.0,,9.0,2.0,,12.0,,10.0,1.0,3.0,5.0,,2.0,,2.0,1.0,,19.0,Sep-20,9.0,2020,2020-09-01
1.0,,1.0,,,73.0,,45.0,1.0,3.0,9.0,2.0,,30.0,10.0,,,,,6.0,5.0,,,1.0,3.0,4.0,2.0,17.0,0.0,,1.0,0.0,9.0,2.0,,9.0,1.0,18.0,,3.0,4.0,,2.0,,2.0,2.0,,14.0,Oct-20,10.0,2020,2020-10-01
1.0,,1.0,,,74.0,,41.0,,4.0,8.0,2.0,1.0,35.0,10.0,,,,,5.0,5.0,,,1.0,7.0,1.0,2.0,15.0,,,1.0,,8.0,1.0,,11.0,,11.0,1.0,2.0,6.0,,1.0,,1.0,2.0,,12.0,Nov-20,11.0,2020,2020-11-01
2.0,,,,,72.0,,60.0,,3.0,9.0,2.0,1.0,27.0,11.0,1.0,,,,5.0,6.0,1.0,,2.0,5.0,2.0,1.0,17.0,,,1.0,,12.0,1.0,,10.0,,13.0,,3.0,5.0,,2.0,,2.0,2.0,,9.0,Dec-20,12.0,2020,2020-12-01
2.0,,1.0,,,75.0,,35.0,,5.0,10.0,2.0,1.0,32.0,15.0,,,,,6.0,6.0,1.0,,1.0,7.0,4.0,2.0,20.0,,,1.0,,14.0,2.0,,12.0,1.0,16.0,1.0,3.0,5.0,,3.0,2.0,2.0,2.0,,13.0,Jan-21,1.0,2021,2021-01-01
3.0,,1.0,,,72.0,,33.0,,4.0,12.0,3.0,1.0,35.0,12.0,,,,,5.0,5.0,1.0,,1.0,4.0,2.0,1.0,16.0,,,1.0,,11.0,1.0,,14.0,,13.0,1.0,2.0,6.0,,,,2.0,2.0,,12.0,Feb-21,2.0,2021,2021-02-01
5.0,,,,,49.0,,26.0,1.0,7.0,11.0,3.0,2.0,36.0,16.0,1.0,,,,9.0,8.0,2.0,,2.0,5.0,5.0,1.0,24.0,1.0,,1.0,,16.0,2.0,1.0,13.0,1.0,19.0,1.0,8.0,5.0,,,1.0,4.0,3.0,,15.0,Mar-21,3.0,2021,2021-03-01
2.0,,,,,49.0,,24.0,,8.0,15.0,3.0,,30.0,11.0,,,,,8.0,7.0,2.0,,1.0,7.0,4.0,1.0,19.0,1.0,,1.0,,14.0,1.0,,18.0,,17.0,,4.0,9.0,,,1.0,1.0,2.0,,12.0,Apr-21,4.0,2021,2021-04-01
2.0,,1.0,,,49.0,,22.0,1.0,7.0,14.0,2.0,1.0,29.0,15.0,1.0,,,,10.0,8.0,1.0,,,8.0,2.0,1.0,22.0,,,1.0,,11.0,2.0,,18.0,,17.0,1.0,3.0,7.0,,,1.0,2.0,2.0,,14.0,May-21,5.0,2021,2021-05-01
3.0,,1.0,,,56.0,,23.0,1.0,9.0,13.0,4.0,2.0,27.0,21.0,2.0,,,,12.0,13.0,3.0,,2.0,8.0,5.0,2.0,24.0,3.0,,1.0,,14.0,3.0,1.0,21.0,,19.0,1.0,3.0,10.0,,,1.0,3.0,3.0,,10.0,Jun-21,6.0,2021,2021-06-01
4.0,,1.0,,,48.0,,19.0,1.0,7.0,10.0,5.0,,36.0,21.0,2.0,,,,11.0,11.0,1.0,,,7.0,4.0,1.0,28.0,1.0,,1.0,,19.0,3.0,,16.0,,15.0,1.0,3.0,6.0,,,2.0,2.0,2.0,,12.0,Jul-21,7.0,2021,2021-07-01
3.0,,,,,40.0,,19.0,,7.0,13.0,3.0,1.0,28.0,14.0,1.0,,,,10.0,12.0,2.0,,1.0,8.0,5.0,2.0,21.0,,,1.0,,13.0,2.0,,32.0,,18.0,,3.0,8.0,,,,2.0,4.0,,10.0,Aug-21,8.0,2021,2021-08-01
12.0,,1.0,,,37.0,,20.0,1.0,7.0,13.0,8.0,2.0,24.0,14.0,3.0,,,,13.0,16.0,3.0,,2.0,8.0,4.0,2.0,30.0,1.0,,1.0,,14.0,5.0,1.0,23.0,1.0,17.0,1.0,3.0,6.0,,,1.0,3.0,2.0,,10.0,Sep-21,9.0,2021,2021-09-01
3.0,,,,,27.0,,28.0,,10.0,13.0,3.0,1.0,26.0,12.0,3.0,,,,10.0,10.0,7.0,,1.0,9.0,5.0,1.0,23.0,,,1.0,,17.0,4.0,10.0,24.0,1.0,18.0,1.0,4.0,6.0,,,,4.0,4.0,,11.0,Oct-21,10.0,2021,2021-10-01
4.0,,,,,27.0,,22.0,1.0,6.0,14.0,3.0,1.0,21.0,10.0,1.0,,,,10.0,11.0,8.0,,1.0,11.0,6.0,1.0,22.0,1.0,,1.0,,14.0,3.0,2.0,40.0,,15.0,1.0,3.0,5.0,,,,3.0,3.0,,7.0,Nov-21,11.0,2021,2021-11-01
3.0,,1.0,,,62.0,,21.0,1.0,6.0,14.0,2.0,1.0,24.0,8.0,1.0,,,,8.0,13.0,7.0,,3.0,14.0,3.0,2.0,21.0,,,2.0,,10.0,2.0,1.0,13.0,1.0,12.0,1.0,3.0,4.0,,,2.0,3.0,2.0,,8.0,Dec-21,12.0,2021,2021-12-01
3.0,,1.0,,,42.0,,18.0,1.0,7.0,12.0,3.0,2.0,25.0,10.0,2.0,,,,9.0,10.0,11.0,,1.0,25.0,3.0,2.0,23.0,,,2.0,,11.0,2.0,5.0,16.0,,14.0,1.0,4.0,4.0,,,1.0,2.0,2.0,,5.0,Jan-22,1.0,2022,2022-01-01
3.0,,1.0,,,23.0,,13.0,1.0,8.0,19.0,9.0,1.0,26.0,8.0,1.0,,,,7.0,8.0,22.0,,2.0,17.0,5.0,2.0,19.0,,,2.0,,10.0,3.0,6.0,13.0,1.0,15.0,1.0,3.0,3.0,,,1.0,3.0,2.0,,6.0,Feb-22,2.0,2022,2022-02-01
3.0,,1.0,,,16.0,,10.0,,5.0,15.0,35.0,2.0,23.0,6.0,2.0,,,,8.0,7.0,21.0,,3.0,15.0,5.0,1.0,14.0,1.0,,1.0,7.0,10.0,3.0,7.0,11.0,,15.0,,2.0,3.0,,,1.0,3.0,1.0,,4.0,Mar-22,3.0,2022,2022-03-01
3.0,,,,,9.0,,9.0,,4.0,20.0,19.0,1.0,29.0,6.0,2.0,,,,10.0,6.0,32.0,,1.0,12.0,3.0,1.0,13.0,,,2.0,3.0,11.0,2.0,10.0,13.0,,15.0,1.0,1.0,3.0,,,1.0,5.0,1.0,,5.0,Apr-22,4.0,2022,2022-04-01
3.0,,1.0,,,8.0,,10.0,1.0,6.0,17.0,19.0,1.0,27.0,8.0,2.0,,,,7.0,8.0,41.0,,3.0,17.0,3.0,1.0,15.0,1.0,,2.0,3.0,11.0,2.0,8.0,13.0,1.0,12.0,1.0,2.0,3.0,,,,3.0,1.0,,4.0,May-22,5.0,2022,2022-05-01
1.0,,,,,4.0,,10.0,,4.0,18.0,13.0,,30.0,8.0,1.0,,,,9.0,8.0,40.0,,3.0,26.0,4.0,1.0,15.0,,,1.0,3.0,11.0,1.0,11.0,11.0,1.0,13.0,,4.0,3.0,,,,2.0,2.0,,4.0,Jun-22,6.0,2022,2022-06-01
3.0,,1.0,,,6.0,,13.0,1.0,4.0,13.0,14.0,1.0,34.0,8.0,2.0,,,,8.0,12.0,45.0,,4.0,16.0,5.0,2.0,15.0,,,2.0,4.0,11.0,2.0,11.0,13.0,1.0,14.0,1.0,4.0,2.0,,,1.0,5.0,3.0,,3.0,Jul-22,7.0,2022,2022-07-01
3.0,,1.0,,,4.0,,11.0,1.0,6.0,13.0,11.0,3.0,36.0,10.0,4.0,,,,11.0,11.0,54.0,,3.0,16.0,6.0,3.0,20.0,1.0,,3.0,3.0,10.0,3.0,17.0,23.0,2.0,14.0,2.0,5.0,3.0,,,2.0,6.0,5.0,,5.0,Aug-22,8.0,2022,2022-08-01
2.0,,,,,1.0,,9.0,1.0,6.0,16.0,11.0,1.0,41.0,9.0,1.0,,,,8.0,9.0,46.0,,2.0,9.0,5.0,1.0,20.0,,,1.0,4.0,8.0,2.0,11.0,15.0,,14.0,,2.0,2.0,,,1.0,4.0,2.0,,2.0,Sep-22,9.0,2022,2022-09-01
4.0,,1.0,,,3.0,,6.0,2.0,6.0,15.0,9.0,2.0,51.0,10.0,3.0,,,,11.0,11.0,38.0,,3.0,16.0,5.0,2.0,22.0,,,3.0,3.0,10.0,3.0,9.0,14.0,2.0,13.0,1.0,5.0,3.0,,,1.0,4.0,2.0,,5.0,Oct-22,10.0,2022,2022-10-01
3.0,,1.0,,,3.0,,7.0,1.0,6.0,12.0,8.0,1.0,45.0,6.0,2.0,,,,8.0,21.0,45.0,,3.0,20.0,5.0,2.0,21.0,,,1.0,3.0,11.0,3.0,9.0,16.0,2.0,11.0,1.0,6.0,2.0,,,2.0,4.0,2.0,,4.0,Nov-22,11.0,2022,2022-11-01
4.0,,1.0,,,2.0,,10.0,2.0,4.0,16.0,7.0,1.0,40.0,10.0,3.0,,,,11.0,15.0,42.0,,4.0,18.0,6.0,2.0,27.0,1.0,,2.0,1.0,10.0,3.0,11.0,14.0,2.0,11.0,1.0,4.0,2.0,,,9.0,3.0,4.0,,3.0,Dec-22,12.0,2022,2022-12-01
2.0,,1.0,,,1.0,,8.0,1.0,6.0,12.0,8.0,1.0,37.0,9.0,2.0,,,,11.0,15.0,36.0,,2.0,11.0,7.0,3.0,42.0,1.0,,1.0,1.0,10.0,1.0,9.0,11.0,,9.0,1.0,4.0,1.0,,,8.0,2.0,3.0,,3.0,Jan-23,1.0,2023,2023-01-01
5.0,,2.0,,,2.0,,9.0,1.0,8.0,17.0,8.0,4.0,40.0,10.0,2.0,,,,11.0,12.0,35.0,,3.0,14.0,9.0,3.0,25.0,1.0,,3.0,2.0,7.0,3.0,6.0,9.0,2.0,11.0,2.0,5.0,4.0,,,5.0,5.0,3.0,,5.0,Feb-23,2.0,2023,2023-02-01
4.0,,1.0,,,1.0,,13.0,1.0,5.0,15.0,9.0,,37.0,8.0,2.0,,,,9.0,20.0,39.0,,2.0,17.0,6.0,1.0,21.0,,,1.0,1.0,11.0,2.0,4.0,10.0,,11.0,1.0,3.0,2.0,,,2.0,2.0,3.0,,2.0,Mar-23,3.0,2023,2023-03-01
3.0,,1.0,,,2.0,,9.0,1.0,6.0,18.0,9.0,2.0,33.0,12.0,3.0,,,,13.0,20.0,40.0,,3.0,13.0,6.0,2.0,29.0,1.0,,2.0,2.0,12.0,4.0,6.0,12.0,1.0,12.0,2.0,7.0,3.0,,,3.0,3.0,4.0,,5.0,Apr-23,4.0,2023,2023-04-01
3.0,,1.0,,,2.0,,7.0,1.0,6.0,16.0,7.0,1.0,35.0,11.0,2.0,,,,12.0,17.0,38.0,,1.0,13.0,6.0,2.0,26.0,,,1.0,1.0,12.0,2.0,4.0,12.0,,14.0,1.0,4.0,3.0,,,3.0,3.0,1.0,,3.0,May-23,5.0,2023,2023-05-01
3.0,,,,,1.0,,9.0,,6.0,15.0,6.0,1.0,31.0,8.0,1.0,,,,12.0,21.0,38.0,,2.0,14.0,5.0,2.0,27.0,,,1.0,2.0,11.0,3.0,4.0,14.0,1.0,13.0,1.0,4.0,1.0,,,1.0,3.0,2.0,,5.0,Jun-23,6.0,2023,2023-06-01
2.0,,,,,1.0,,8.0,,6.0,18.0,5.0,1.0,30.0,13.0,1.0,,,,15.0,21.0,39.0,,2.0,16.0,5.0,3.0,33.0,,,2.0,2.0,11.0,2.0,3.0,12.0,1.0,9.0,1.0,4.0,2.0,,,4.0,3.0,4.0,,4.0,Jul-23,7.0,2023,2023-07-01
1.0,,,,,,,7.0,,7.0,16.0,5.0,,37.0,8.0,1.0,,,,15.0,23.0,37.0,,1.0,12.0,5.0,1.0,25.0,,,1.0,1.0,10.0,3.0,3.0,25.0,1.0,11.0,,4.0,2.0,,,2.0,4.0,3.0,,4.0,Aug-23,8.0,2023,2023-08-01
2.0,,,,,1.0,,9.0,,7.0,13.0,6.0,1.0,37.0,13.0,1.0,,,,15.0,26.0,30.0,,2.0,15.0,4.0,3.0,28.0,,,1.0,1.0,13.0,2.0,2.0,18.0,,12.0,,5.0,2.0,,,1.0,3.0,3.0,,4.0,Sep-23,9.0,2023,2023-09-01
3.0,,,,,2.0,,7.0,1.0,11.0,12.0,5.0,1.0,38.0,14.0,2.0,,,,16.0,22.0,35.0,,2.0,16.0,5.0,3.0,31.0,,,1.0,2.0,11.0,2.0,3.0,14.0,,14.0,1.0,4.0,2.0,,,2.0,3.0,5.0,,6.0,Oct-23,10.0,2023,2023-10-01
